mes,codigo_usina,nome_usina,previsto_mwh,restricao_mwh,restricao_pct
2026-04-01,3N4EPND,CJEPindaí II 230kV,36745.0,1725.0,0.046945162607157434
2026-04-01,3N5EIGT,CJE IGAPORÃ III 500 kV,57475.5,2641.5,0.04595871284286348
2026-04-01,3NABD,CJ Abil II,0.0,0.0,
2026-04-01,3NABL,CJ Abil I,0.0,0.0,
2026-04-01,3NFDS,CJ Folha da Serra,0.0,0.0,
2026-04-01,3NQUN,CJ Quina,0.0,0.0,
2026-04-01,3NTBD,CJ TAMBORIL II,16545.0,715.5,0.043245693563009974
2026-04-01,3NTBR,CJ Tamboril I,0.0,0.0,
2026-04-01,3RCEBF,BAIXAFEIJAO,23521.0,552.5,0.023489647548998766
2026-04-01,3REMVD,CJ MONTE VERDE,110615.0,2584.0,0.023360303756271752
2026-04-01,3RMVS,CJ Monte Verde Solar,33855.0,2875.0,0.08492098656033083
2026-04-01,3RPB,CJ PEREIRA BARRETO,87494.5,6771.5,0.07739343615884427
2026-04-01,3RUECI,CIDREIRA,14962.5,105.0,0.007017543859649123
2026-04-01,A1BRAM,Brametal,0.0,0.0,
2026-04-01,A1DALL,Dallas Mineracao,0.0,0.0,
2026-04-01,A1GRAA,Gramazini Cdi,0.0,0.0,
2026-04-01,A1GRAM,Gramazini Solar Park,0.0,0.0,
2026-04-01,A1KINK,Kinka Regis,0.0,0.0,
2026-04-01,A1MAQS,Maqstone,0.0,0.0,
2026-04-01,A1MILA,Milanezi 1,0.0,0.0,
2026-04-01,A1NICC,Nicchio Sobrinho,0.0,0.0,
2026-04-01,A1ZUCC,Zucchi,0.0,0.0,
2026-04-01,A2CENR,CENTRAL MINEIRAO,0.0,0.0,
2026-04-01,A2FCR,FCR III Itapuranga,495.0,0.0,0.0
2026-04-01,A2GUIA,GUIMARANIA 2,4815.0,0.0,0.0
2026-04-01,A2GUIM,GUIMARANIA 1,4710.0,0.0,0.0
2026-04-01,A2ITA1,Ita 01,450.0,0.0,0.0
2026-04-01,A2ITA2,Ita 02,435.0,0.0,0.0
2026-04-01,A3UEGG,Gargaú,4425.0,0.0,0.0
2026-04-01,A4ELGI,Elgin Mogi Das Cruzes,0.0,0.0,
2026-04-01,A4MARV,Marvi Solar,0.0,0.0,
2026-04-01,A4MINE,Mineradora Jp Ii,0.0,0.0,
2026-04-01,A4REDE,Rede Zeferino S. J. Boa Vista,0.0,0.0,
2026-04-01,A4REDZ,Rede Zeferino Itapira,0.0,0.0,
2026-04-01,A4TANQ,TANQUINHO,0.0,0.0,
2026-04-01,A4ZODI,Zodiac Produtos Farmacêuticos,0.0,0.0,
2026-04-01,A5BRSU,Brisas Suaves,780.0,0.0,0.0
2026-04-01,ADUEAD,CJAGUADOCE,21447.0,128.5,0.005991513964657061
2026-04-01,AFJDT,CJ Jandaira III,10976.5,226.5,0.020634992939461576
2026-04-01,AFPTM,CJ PITOMBEIRA,12148.5,282.5,0.02325389965839404
2026-04-01,AFUPTM,UFV PITOMBEIRA,8346.0,754.5,0.09040258806613947
2026-04-01,AGACA,CONJUNTO EOLICO ACAUA,20604.0,345.5,0.01676858862356824
2026-04-01,AGFFDM,FLOR DE MANDACARU,144.5,3.0,0.020761245674740483
2026-04-01,AGSTI,CJSINACIO,20894.5,378.5,0.01811481490344349
2026-04-01,ALUEA1,ALEGRIA,3246.0,80.5,0.024799753542821934
2026-04-01,ALUEA2,ALEGRIA 2,5582.5,141.0,0.025257501119570085
2026-04-01,ARBJU,CJFVBJESUS,10983.0,1395.5,0.12706000182099608
2026-04-01,ARCRL,CJCRISTALANDIA,24569.5,845.5,0.03441258470868353
2026-04-01,ARJCAT,CJE RENASCENCA V,9024.0,188.0,0.020833333333333332
2026-04-01,ARLAP,CJFVLAPA,12060.0,1475.0,0.12230514096185738
2026-04-01,ARMRRI,CJCFORMOSO,54863.0,1275.5,0.02324881978747061
2026-04-01,ARNVO,CJF NOVA OLINDA,38583.0,3328.0,0.08625560480004146
2026-04-01,ARUEER,EURUS II,0.0,0.0,
2026-04-01,ARUERN,RENASCENCA5,0.0,0.0,
2026-04-01,ATMRO2,CJMARMELEIRO2,58733.5,529.0,0.009006784884265368
2026-04-01,AU4ECNP,CJE CURRAL NOVO PIAUI II 230KV,272087.5,17570.5,0.0645766527311986
2026-04-01,AUAR3,CJARARIPE3,0.0,0.0,
2026-04-01,AUCPH,CJCHAPADINHA,0.0,0.0,
2026-04-01,AUSDJ,CJ JAIBA V,96907.0,8416.0,0.08684615146480647
2026-04-01,AUSDP1,UFV SOL DO PIAUI,7239.5,734.0,0.10138821741833
2026-04-01,AUVDP2,CJ VENTOS DO PIAUI 2,0.0,0.0,
2026-04-01,AUVDP3,CJ VENTOS DO PIAUI III,0.0,0.0,
2026-04-01,B3FSA,CJ FRANCISCO SA,16804.0,1456.0,0.08664603665793859
2026-04-01,B3UJAI,CJF JAIBA,25384.0,2219.5,0.08743696816892531
2026-04-01,BB4EOUR,CJE Ourolândia II 230kV,0.0,0.0,
2026-04-01,BBASO,CJF ASSU SOL 500 kV,131077.5,11044.5,0.0842593122389426
2026-04-01,BBASSV,UFV ASSU V,5638.0,478.5,0.08487052146151118
2026-04-01,BBCLA,CJE CAMPO LARGO ANTIGO,0.0,0.0,
2026-04-01,BBCLA2,CJE CAMPO LARGO 2,0.0,0.0,
2026-04-01,BBE4CLA,CJE CAMPO LARGO,237388.5,11840.5,0.049878153322507196
2026-04-01,BBSAG,CJE Santo Agostinho,66205.5,1620.0,0.024469266148582823
2026-04-01,BBSAR,CJE SERRA DO ASSURUA,272524.5,11864.5,0.043535535337189867
2026-04-01,BBSSB,CJF SERTAO SOLAR BARREIRAS,16979.5,1814.0,0.10683471244736299
2026-04-01,BBTRA,CJE TRAIRI,14049.5,472.0,0.03359550161927471
2026-04-01,BBUBN,CJE UMBURANAS,137611.0,6227.0,0.04525074303653051
2026-04-01,BBUEBB,BEBERIBE,0.0,0.0,
2026-04-01,BBUEFL,FLEXEIRAS,0.0,0.0,
2026-04-01,BBUEGU,GUAJIRU,0.0,0.0,
2026-04-01,BBUEMU,MUNDAU,0.0,0.0,
2026-04-01,BBUEPS,PEDRA SAL,0.0,0.0,
2026-04-01,BBUETR,TRAIRI,0.0,0.0,
2026-04-01,BBUFPU,CJF PARACATU,60962.0,4980.5,0.08169843509071224
2026-04-01,BEJAN,CJ JANAUBA,246788.0,21642.5,0.08769672755563479
2026-04-01,BFCGPN,CJPLANALTINA,0.0,0.0,
2026-04-01,BFCSER,CJ OESTE SERIDO,70977.0,1955.5,0.027551178550798146
2026-04-01,BFIGGU,CJGUIRAPA,0.0,0.0,
2026-04-01,BFIGLA,CJLALMEIDA,0.0,0.0,
2026-04-01,BFIGNC,CJNSCONCEICAO,0.0,0.0,
2026-04-01,BFIGP,CJ IGAPORA,109817.5,5532.0,0.05037448494092472
2026-04-01,BFRENS,CJE RENASCENCA,20798.0,509.0,0.024473507067987305
2026-04-01,BFUFAL,CJ ALEX,46465.5,3876.0,0.08341672854053007
2026-04-01,BIAUD,CJE ACARAU II,3188.0,62.0,0.01944792973651192
2026-04-01,BICEAD,CJPAPAGAIO,1057.0,23.0,0.021759697256385997
2026-04-01,BIUEBU,BURITI,0.0,0.0,
2026-04-01,BIUECO,COQUEIROS,0.0,0.0,
2026-04-01,BJUEBJ,CJBOMJARDIM,9148.0,61.5,0.006722780935723655
2026-04-01,BLUEM1,MSECO1,0.0,0.0,
2026-04-01,BLUEM2,MSECO2,0.0,0.0,
2026-04-01,BLUEM3,MSECO3,0.0,0.0,
2026-04-01,BLUEM5,MSECO5,0.0,0.0,
2026-04-01,BWUERT,REI VENTOS 3,4175.5,93.5,0.022392527840977127
2026-04-01,BWUERU,REI VENTOS 1,3967.5,99.0,0.02495274102079395
2026-04-01,C0BELM,Conjunto solar Belmonte,78250.5,6717.0,0.08583970709452336
2026-04-01,C0LINS,CFV Lins,24308.5,2150.0,0.08844642820412613
2026-04-01,C1SJP,FVSJP,32328.0,2654.0,0.08209601583766395
2026-04-01,CFCEAT,CJATLANTICA,26435.5,193.5,0.007319702672542604
2026-04-01,CHCND,CJE CASA NOVA II,15701.0,384.0,0.024457040952805553
2026-04-01,CHGPX,CJE GPEXPAN,25001.5,1154.5,0.046177229366238026
2026-04-01,CLARD,CJARACATI2,9422.0,184.0,0.01952876247081299
2026-04-01,CLBSUL,CJEBLOCOSUL,26652.5,640.5,0.02403151674326986
2026-04-01,CLCECV,CJCAMPOVENTOS,13542.0,370.5,0.027359326539654408
2026-04-01,CLCEE1,EURUS I,0.0,0.0,
2026-04-01,CLCEE3,EURUS III,0.0,0.0,
2026-04-01,CLCHE,CJ P CHEIROSA,4049.0,134.5,0.033218078537910596
2026-04-01,CLECBR,C.BRANCA,0.0,0.0,
2026-04-01,CLECV2,C.VENTOS 2,0.0,0.0,
2026-04-01,CLEJUR,JUREMA,0.0,0.0,
2026-04-01,CLEMAC,MACACOS,0.0,0.0,
2026-04-01,CLEPEP,PEDRA PRETA,0.0,0.0,
2026-04-01,CLGAM,CJ GAMELEIRA,10767.0,310.5,0.028838116466982446
2026-04-01,CLJCCP,CJMACACOS,11182.5,261.0,0.023340040241448694
2026-04-01,CLJCDV,CJE MORRO DOS VENTOS II,13421.0,334.0,0.024886372103420012
2026-04-01,CLMVNT,CJE MORRO DOS VENTOS,21525.5,541.5,0.02515621007642099
2026-04-01,CLSCLA,CJSCLARA,16198.0,429.0,0.026484751203852328
2026-04-01,CLUEBV,B.VENTOS,0.0,0.0,
2026-04-01,CLUEC1,S CLARA I,0.0,0.0,
2026-04-01,CLUEC2,S CLARA II,0.0,0.0,
2026-04-01,CLUEC3,S CLARA III,0.0,0.0,
2026-04-01,CLUEC4,S CLARA IV,0.0,0.0,
2026-04-01,CLUEC5,S CLARA V,0.0,0.0,
2026-04-01,CLUEC6,S CLARA VI,0.0,0.0,
2026-04-01,CLUECQ,C.QUEBRADA,0.0,0.0,
2026-04-01,CLUEEN,ENACEL,0.0,0.0,
2026-04-01,CLUEFO,FORMOSA,4462.0,118.5,0.026557597489914837
2026-04-01,CLUEIC,ICARAIZINHO,3173.5,73.5,0.02316054829053096
2026-04-01,CLUER6,EURUS VI,0.0,0.0,
2026-04-01,CMJSNU,CJF Três Marias,9606.0,711.0,0.07401623985009369
2026-04-01,CNLBI,CJ LAGOA DO BARRO I,75599.5,2582.0,0.03415366503746718
2026-04-01,CNTQN,CJ TANQUE NOVO,49652.0,2040.5,0.041096028357367274
2026-04-01,CQAVD,CJ Aventura II,26771.5,696.5,0.026016472741534843
2026-04-01,CQCUT,CJ CUTIA,46484.0,1317.0,0.028332329403665778
2026-04-01,CQEAB1,A BRANCA I,0.0,0.0,
2026-04-01,CQEAB2,A BRANCA II,0.0,0.0,
2026-04-01,CQEAB3,A BRANCA III,0.0,0.0,
2026-04-01,CQEEU4,EURUS IV,0.0,0.0,
2026-04-01,CQESHE,S HELENA,0.0,0.0,
2026-04-01,CQESMA,S MARIA,0.0,0.0,
2026-04-01,CQESUR,VS URIEL,0.0,0.0,
2026-04-01,CQJCCO,CJBPOTIGUAR1,24094.0,528.0,0.021914169502780776
2026-04-01,CQJDA,CJ JANDAIRA I,17537.5,409.5,0.023349964362081255
2026-04-01,CQSMN,CJ SANTA ROSA MUNDO NOVO,30922.0,780.5,0.025240928788564775
2026-04-01,CRUEGG,GARGAU,0.0,0.0,
2026-04-01,CV4FBBC,CJF BABILONIA CENTRO,19729.5,1432.5,0.07260700980764845
2026-04-01,CV4FBBS,CJF Babilonia Sul,13966.0,2483.5,0.17782471717027065
2026-04-01,CV5ETGS,CJE SERRA DO TIGRE,142213.5,3692.0,0.025960967137437726
2026-04-01,CVBBC,CJE BABILONIA CENTRO,173421.5,4041.5,0.023304492234238545
2026-04-01,CVBBS,CJ BABILONIA SUL,117300.5,3587.5,0.030583842353613156
2026-04-01,CVFLS,CJ FOLHA LARGA SUL,54233.0,1317.0,0.024284107462246234
2026-04-01,CVRDV,CJ RIO DO VENTO,112218.0,2699.5,0.024055855566843108
2026-04-01,CVRVE,CJ Rio do Vento Exp,126028.0,2989.5,0.023720919160821405
2026-04-01,CVUMR,CJ UMARI,46000.0,901.5,0.01959782608695652
2026-04-01,CYBAB,CJ BABILONIA,46315.5,1170.5,0.02527231704289061
2026-04-01,D2EOLI,Eólio - Elétrica de Palmas,0.0,0.0,
2026-04-01,D2PORM,Pormade,0.0,0.0,
2026-04-01,D3APEK,Ape Kiformaggio,0.0,0.0,
2026-04-01,D3APES,Ape Ksd Metais,0.0,0.0,
2026-04-01,D3CAXI,Caxiense,0.0,0.0,
2026-04-01,D3COOP,Coopermaçã,0.0,0.0,
2026-04-01,D3DACO,Dacolonia,0.0,0.0,
2026-04-01,D3FAZD,Fazenda Rosário 3,2610.0,0.0,0.0
2026-04-01,D3FAZE,Fazenda Rosário,1755.0,0.0,0.0
2026-04-01,D3FAZN,Fazenda Rosário 2,4230.0,0.0,0.0
2026-04-01,D3MADE,Madesa,0.0,0.0,
2026-04-01,D3MERC,Mercur Solar,0.0,0.0,
2026-04-01,D3PALO,Palotti Ape,0.0,0.0,
2026-04-01,D3PARQ,Parque Eólico de Palmares,1980.0,0.0,0.0
2026-04-01,D4EOLI,Eólica Água Doce,1035.0,0.0,0.0
2026-04-01,D4ESTU,Estrutural Zortea,0.0,0.0,
2026-04-01,D4HBRE,H Bremer & Filhos,0.0,0.0,
2026-04-01,D4INTE,Intelbras,0.0,0.0,
2026-04-01,D4LAIR,Laire Ind. de Emb. Plásticas,0.0,0.0,
2026-04-01,D4LAMI,Laminados Mocelin,0.0,0.0,
2026-04-01,D4MEGA,MEGAWATT SOLAR,0.0,0.0,
2026-04-01,D4NOVA,Nova Aurora,0.0,0.0,
2026-04-01,D4PARQ,Parque Eólico do Horizonte,495.0,0.0,0.0
2026-04-01,D4TUBR,Tubarão P&D 2,0.0,0.0,
2026-04-01,D4VENT,Vento Meridional Oeste I,0.0,0.0,
2026-04-01,D5MOGA,Mogano Energia,0.0,0.0,
2026-04-01,D5MOVE,Moveis Paulo,0.0,0.0,
2026-04-01,D5TUBA,Tubarão P&D,0.0,0.0,
2026-04-01,DSBMC,CJE BROTAS DE MACAUBAS,63459.0,3736.5,0.05888053703966341
2026-04-01,DSJER,CJ JERUSALEM,48797.5,1322.0,0.02709155182130232
2026-04-01,DSMRRC,CJF Serrita,7644.0,575.0,0.07522239665096808
2026-04-01,DSUENH,N.HORIZONTE,0.0,0.0,
2026-04-01,DSUESE,SEABRA,0.0,0.0,
2026-04-01,DSVSE,CJ SANTA EUGENIA,166733.5,5929.5,0.03556273934152405
2026-04-01,EFEVDI,VENTOS INDIOS,0.0,0.0,
2026-04-01,EFEVSI,VENTOS LITORAL,0.0,0.0,
2026-04-01,EFEVSO,VENTOS SUL,0.0,0.0,
2026-04-01,EFEVSS,VENTOS LAGOA,0.0,0.0,
2026-04-01,EFLBA,CJLBARROS,57855.0,415.0,0.007173105176734941
2026-04-01,EIVIA3,CJVIAMAO3,11819.0,80.5,0.0068110669261358826
2026-04-01,EJCPIR,CJPIRAPORA 2,59855.5,5039.0,0.08418608147956329
2026-04-01,EJCST3,CJ CASTILHO,30720.0,2131.5,0.069384765625
2026-04-01,EJPR4,CJF PARACATU 4 500KV,113442.0,8969.0,0.07906242837749687
2026-04-01,EJSDA1,CJE SERRA DAS ALMAS II 500 kV,93031.5,2538.0,0.027281082214088776
2026-04-01,EJUFD,CJDRACENA,12330.0,1018.5,0.08260340632603407
2026-04-01,EJVZP,CJF Varzea da Palma 7,18956.5,1468.5,0.0774668319573761
2026-04-01,EJVZPQ,CJ Helio Valgas,93009.5,7301.5,0.07850273359172988
2026-04-01,EQ2ESSA,CJE SERRA DE SANTANA,36771.5,750.0,0.020396230776552494
2026-04-01,EQ5ESMB,CJ SERRA DO MEL B,88808.0,1662.5,0.018720160345914783
2026-04-01,EQBRD,CJF BARREIRAS II 500KV,72191.0,8549.0,0.11842196395672591
2026-04-01,EQRG3,CJF Ribeiro Gonçalves,33144.0,2784.5,0.08401218923485397
2026-04-01,EQSDMB,CJ SERRA DO MEL B ANT,0.0,0.0,
2026-04-01,EQSM2B,CJ SERRA DO MEL II B,0.0,0.0,
2026-04-01,EQSNT3,CJSSANTANA3,0.0,0.0,
2026-04-01,EQSRO,CJSROSALIA,21193.5,460.5,0.02172836011041121
2026-04-01,EQST12,CJSSANTANA12,0.0,0.0,
2026-04-01,EQVCLE,CJSCLEMENTE,43757.5,836.5,0.019116722847511855
2026-04-01,ESCNG,CJE LIVRAMENTO 3,60128.5,668.0,0.01110954040097458
2026-04-01,ESECC1,C.CHATO1,0.0,0.0,
2026-04-01,ESECC2,C.CHATO2,0.0,0.0,
2026-04-01,ESECC3,C.CHATO3,0.0,0.0,
2026-04-01,ESECC4,CJE CERRO CHATO,32510.5,389.0,0.011965365035911476
2026-04-01,F2JOFE,Jofege Mineracao,0.0,0.0,
2026-04-01,F2PERA,Perola Br 060,0.0,0.0,
2026-04-01,F2PERL,Perola Av Comercial,0.0,0.0,
2026-04-01,F2PERO,Perola Av Brasil,0.0,0.0,
2026-04-01,F2PERR,Perola Rua Luziania,0.0,0.0,
2026-04-01,F3DVMS,Dvm Solar I,0.0,0.0,
2026-04-01,F4COPA,Copacel,0.0,0.0,
2026-04-01,F4DUAL,Dual Cnp,0.0,0.0,
2026-04-01,F4DUAP,Dual Pp,0.0,0.0,
2026-04-01,F4FAZN,FAZENDA SOLAR,0.0,0.0,
2026-04-01,F6KAPA,Kapa Zero,285.0,0.0,0.0
2026-04-01,F7SOLM,SOL MAIOR,750.0,0.0,0.0
2026-04-01,FBCHN,CJ CHAFARIZ NORTE,26001.0,681.5,0.02621053036421676
2026-04-01,FBCHS,CJ CHAFARIZ SUL I,21634.5,513.5,0.023735237699045505
2026-04-01,FBCHSD,CHAFARIZ SUL II,26398.5,723.5,0.027406860238271113
2026-04-01,FBLZA,CJ Luzia,17931.5,1580.5,0.08814098095530212
2026-04-01,FBOIT,CJ Oitis,121837.0,3668.5,0.03010990093321405
2026-04-01,GEDREN,CJOLHOdAGUA,11390.5,259.0,0.022738246784601204
2026-04-01,GEECVA,CTV_ACARAU_I,1399.5,71.0,0.05073240443015362
2026-04-01,GEEPR1,RENASCENCA1,0.0,0.0,
2026-04-01,GEEPR2,RENASCENCA2,0.0,0.0,
2026-04-01,GEEPR3,RENASCENCA3,0.0,0.0,
2026-04-01,GEEPR4,RENASCENCA4,0.0,0.0,
2026-04-01,GEEVSM,VSMIGUEL,0.0,0.0,
2026-04-01,GEUEBV,BOA VISTA,0.0,0.0,
2026-04-01,GEUEFA,FAROL,0.0,0.0,
2026-04-01,GEUEOD,OLHO DAGUA,0.0,0.0,
2026-04-01,GEUESB,S BENTO N,0.0,0.0,
2026-04-01,GEWND1,CJBWGUIRAPA1,28070.0,1289.0,0.04592091200570004
2026-04-01,GEWND2,CJBWGUIRAPA2,23048.0,1078.0,0.046771954182575494
2026-04-01,GLCHP2,CJCHAPADA2,42394.5,3579.5,0.08443312222104282
2026-04-01,GLCHP3,CJCHAPADA3,47540.0,2995.0,0.06299957930164073
2026-04-01,GLEAB4,A.BRANCA 4,0.0,0.0,
2026-04-01,GLEAB5,A.BRANCA 5,0.0,0.0,
2026-04-01,GLEAB6,A.BRANCA 6,0.0,0.0,
2026-04-01,GLEAB7,A.BRANCA 7,0.0,0.0,
2026-04-01,GLEAB8,A.BRANCA 8,0.0,0.0,
2026-04-01,GLJCAB,CJE ASA BRANCA,14829.5,363.5,0.024511952527057554
2026-04-01,GSCPD,CJCABPRETO2,28383.0,649.5,0.022883416129373217
2026-04-01,GTCUFG,CJGUAIMBE,22396.5,1949.0,0.08702252584109124
2026-04-01,GTUFBH,CJBOAHORA,31345.5,2544.5,0.08117592636901629
2026-04-01,I1BOND,Bonde Mais I,0.0,0.0,
2026-04-01,I1CITE,CITEPE,0.0,0.0,
2026-04-01,I1FAZE,Fazenda Esmeralda,4755.0,0.0,0.0
2026-04-01,I1FEDE,Federal,0.0,0.0,
2026-04-01,I1FERR,Ferreira Costa Caruaru,75.0,0.0,0.0
2026-04-01,I1GRVT,Gravatá Fruitrade,0.0,0.0,
2026-04-01,I1IPLA,Iplac Industria,0.0,0.0,
2026-04-01,I1MAND,Mandacaru,165.0,0.0,0.0
2026-04-01,I1MARA,Maravilhas I,0.0,0.0,
2026-04-01,I1MARV,Maravilhas II,0.0,0.0,
2026-04-01,I1MODA,Moda Center,0.0,0.0,
2026-04-01,I1OURB,Ouro Branco 2,4500.0,0.0,0.0
2026-04-01,I1OURO,Ouro Branco 1,4200.0,0.0,0.0
2026-04-01,I1PINC,Pincéis Roma Pe,0.0,0.0,
2026-04-01,I1PIRA,Pirauá,675.0,0.0,0.0
2026-04-01,I1QUAT,Quatro Ventos,2640.0,0.0,0.0
2026-04-01,I1SHOP,Shopping Cidade,0.0,0.0,
2026-04-01,I1SNTM,Santa Maria,0.0,0.0,
2026-04-01,I1SOLA,Solar Salgueiro,4875.0,0.0,0.0
2026-04-01,I1SOLR,Solar Salgueiro II,4815.0,0.0,0.0
2026-04-01,I1VENO,Venosan,0.0,0.0,
2026-04-01,I1XAVA,Xavante,0.0,0.0,
2026-04-01,I2AERO,Aeroporto De Salvador,0.0,0.0,
2026-04-01,I2BARR,Barra dos Coqueiros,4530.0,0.0,0.0
2026-04-01,I2FERR,Ferreira Costa Aracaju,0.0,0.0,
2026-04-01,I3ASSU,Assuruá,4140.0,0.0,0.0
2026-04-01,I3EVB2,Ventos da Bahia II,2550.0,0.0,0.0
2026-04-01,I3EVB4,Ventos da Bahia IV,915.0,0.0,0.0
2026-04-01,I3EVB8,Ventos da Bahia VIII,2655.0,0.0,0.0
2026-04-01,I3PDR3,Pedra do Reino III,1080.0,0.0,0.0
2026-04-01,I3PEDD,Pedra do Reino IV,1590.0,0.0,0.0
2026-04-01,I3PEDO,Pedra do Reino,1605.0,0.0,0.0
2026-04-01,I3PEDR,Pedra do Reino V,1680.0,0.0,0.0
2026-04-01,I3SOBO,Sobrado 1,3915.0,0.0,0.0
2026-04-01,I3VERD,Verde Vale III,2325.0,0.0,0.0
2026-04-01,I4ALBA,Albatroz,0.0,0.0,
2026-04-01,I4ARAT,Aratuá I,2550.0,0.0,0.0
2026-04-01,I4ARIZ,Arizona 1,3375.0,0.0,0.0
2026-04-01,I4ATLA,Atlântica,315.0,0.0,0.0
2026-04-01,I4CAMU,Camurim,255.0,0.0,0.0
2026-04-01,I4CANO,Canoas,3180.0,0.0,0.0
2026-04-01,I4CARA,Caravela,0.0,0.0,
2026-04-01,I4COEH,Coelhos II,105.0,0.0,0.0
2026-04-01,I4COEL,Coelhos III,0.0,0.0,
2026-04-01,I4COEO,Coelhos IV,135.0,0.0,0.0
2026-04-01,I4COES,Coelhos I,150.0,0.0,0.0
2026-04-01,I4EDRC,Edr Construções,0.0,0.0,
2026-04-01,I4FER2,Ferreira Costa João Pessoa,285.0,0.0,0.0
2026-04-01,I4FERR,Ferreira Costa Natal,0.0,0.0,
2026-04-01,I4FILI,Filial Polpa De Frutas,0.0,0.0,
2026-04-01,I4INDU,Industrias Becker I,0.0,0.0,
2026-04-01,I4LAGO,Lagoa 2,2880.0,0.0,0.0
2026-04-01,I4MATA,Mataraca,0.0,0.0,
2026-04-01,I4MIAS,Miassaba II,2610.0,0.0,0.0
2026-04-01,I4MILL,Millennium,795.0,0.0,0.0
2026-04-01,I4PARQ,Parque Eólico Cabeço Preto IV,2355.0,0.0,0.0
2026-04-01,I4PARU,Parque Eólico Cabeço Preto,2400.0,0.0,0.0
2026-04-01,I4POLA,Polpa Ideal Ii,0.0,0.0,
2026-04-01,I4POLP,Polpa Ideal I,0.0,0.0,
2026-04-01,I4PRES,Presidente,0.0,0.0,
2026-04-01,I4SOLA,Solar Alto do Rodrigues,0.0,0.0,
2026-04-01,I4STEB,Sterbom Matriz,0.0,0.0,
2026-04-01,I4STER,Ster Bom Filial Casquinho,0.0,0.0,
2026-04-01,I4SUPE,Sup. Nord. Superfacil Rodov.,0.0,0.0,
2026-04-01,I4UERF,RN 15 - Rio do Fogo,5130.0,0.0,0.0
2026-04-01,I4VITO,Vitória,0.0,0.0,
2026-04-01,I5ANGI,Angico I,5160.0,0.0,0.0
2026-04-01,I5BBR,Parque Eólico de Beberibe,2160.0,0.0,0.0
2026-04-01,I5DELT,Delta do Parnaíba,0.0,0.0,
2026-04-01,I5DUNA,Dunas de Paracuru,2790.0,0.0,0.0
2026-04-01,I5EOLI,Eólica Canoa Quebrada,1185.0,0.0,0.0
2026-04-01,I5FRC,Foz do Rio Choró,1695.0,0.0,0.0
2026-04-01,I5ICAR,Icaraí,1545.0,0.0,0.0
2026-04-01,I5LAGA,Lagoa 1,2415.0,0.0,0.0
2026-04-01,I5LGMO,Lagoa do Mato,720.0,0.0,0.0
2026-04-01,I5MALT,Malta,5385.0,0.0,0.0
2026-04-01,I5MEL0,Mel 02,3255.0,0.0,0.0
2026-04-01,I5MUCU,Mucuripe,0.0,0.0,
2026-04-01,I5PRU,Eólica Paracuru,720.0,0.0,0.0
2026-04-01,I5QUIX,Quixaba,1725.0,0.0,0.0
2026-04-01,I5RIOD,Rio do Peixe I,5295.0,0.0,0.0
2026-04-01,I5RIOO,Rio do Peixe II,5220.0,0.0,0.0
2026-04-01,I5SHOP,Shopping Serra Talhada,0.0,0.0,
2026-04-01,I5TAIA,Taíba,0.0,0.0,
2026-04-01,I5TAIB,Taíba Albatroz,105.0,0.0,0.0
2026-04-01,I5TAUA,Tauá,0.0,0.0,
2026-04-01,I5UPRJ,Eólica Praias de Parajuru,8145.0,0.0,0.0
2026-04-01,I7DELT,Delta do Parnaíba,0.0,0.0,
2026-04-01,I7LUIG,Luiz Gonzaga II,0.0,0.0,
2026-04-01,I7LUIN,Luiz Gonzaga III,0.0,0.0,
2026-04-01,I7LUIO,Luiz Gonzaga I,0.0,0.0,
2026-04-01,I7PORD,Porto do Delta,6480.0,0.0,0.0
2026-04-01,I7PORO,Porto Salgado,2055.0,0.0,0.0
2026-04-01,I7PORT,Porto das Barcas,2550.0,0.0,0.0
2026-04-01,I7PSAL,Pedra do Sal,1725.0,0.0,0.0
2026-04-01,I7SERT,Sertão 1,3945.0,0.0,0.0
2026-04-01,I7SOBA,Sobral 1,4560.0,0.0,0.0
2026-04-01,I7TESA,Testa Branca III,4290.0,0.0,0.0
2026-04-01,I7TEST,Testa Branca I,5595.0,0.0,0.0
2026-04-01,IACEIG,ILHA GRANDE,0.0,0.0,
2026-04-01,IACETB,TAIBA AGUIA,0.0,0.0,
2026-04-01,IAERA1,RIACHAO1,0.0,0.0,
2026-04-01,IAERA2,RIACHAO2,0.0,0.0,
2026-04-01,IAERA4,RIACHAO4,0.0,0.0,
2026-04-01,IAERA6,RIACHAO6,0.0,0.0,
2026-04-01,IAERA7,RIACHAO7,0.0,0.0,
2026-04-01,IAFSBA,CJ SOL SAO BASILIO,30918.5,3492.5,0.11295826123518282
2026-04-01,IAICR,CJICARAI,8255.5,295.0,0.03573375325540549
2026-04-01,IARIA,CJRIACHAO,15284.0,512.5,0.03353179795864957
2026-04-01,IASABA,CJESBASILIO,0.0,0.0,
2026-04-01,IASBAE,CJ EOL SAO BASILIO,42702.5,2379.5,0.05572273286107371
2026-04-01,IATBA,CJTAIBA,4808.5,154.5,0.03213060205885411
2026-04-01,IAUEAD,TAIBA ANDORINHA,0.0,0.0,
2026-04-01,IAUEBC,BOCA CORREGO,0.0,0.0,
2026-04-01,IAUECL,COLONIA,0.0,0.0,
2026-04-01,IAUEID,ICARAI 2,0.0,0.0,
2026-04-01,IAUEIU,ICARAI,0.0,0.0,
2026-04-01,IAUERB,RIBEIRAO,0.0,0.0,
2026-04-01,IDC245,CJCALANGO2,13715.5,306.5,0.022346979694506216
2026-04-01,IDCA3,CJCALANGO3,14912.0,331.0,0.02219688841201717
2026-04-01,IDCAL1,CJCALANGO1,9596.0,182.5,0.01901834097540642
2026-04-01,IDCJCT,CJCAETITE123,27472.0,1508.0,0.05489225393127548
2026-04-01,IGCAJ1,CONJUNTO EOLICO CAJU,126838.0,2848.5,0.022457780791245524
2026-04-01,IGCTE,CJCAETITE,25657.0,1217.0,0.047433448961297114
2026-04-01,IGPND,CJPELOURINHO,18091.5,870.0,0.04808888151894536
2026-04-01,IGTUC,CJ TUCANO,75595.0,855.0,0.011310271843375885
2026-04-01,IGUEDP,CJ ARACAS,53902.5,3010.5,0.05585084179769027
2026-04-01,IGUEMI,MIASSABA3,5097.0,112.0,0.0219737100255052
2026-04-01,IGUEMR,CJ MORRAO,34204.5,1629.5,0.04763993041851219
2026-04-01,IY3FIRE,CJF IRECE 138KV,22545.5,1730.5,0.07675589363731121
2026-04-01,IY4FJZD,CJF Juazeiro II 230kV,47131.5,3547.0,0.07525752416112366
2026-04-01,IYASRA,CJE GENTIO DO OURO I,102307.5,2238.0,0.021875229088776482
2026-04-01,IYBRI,CJF BRIGIDA,24454.5,2081.0,0.08509681244760678
2026-04-01,IYBST,CJF BOA SORTE,49918.5,3690.5,0.07393050672596332
2026-04-01,IYCBS,CJE CACIMBAS,13960.0,431.5,0.03090974212034384
2026-04-01,IYJZS,CJF JUAZEIRO SOLAR,0.0,0.0,
2026-04-01,IYJZS2,CJF JUAZEIRO SOLAR 2,0.0,0.0,
2026-04-01,IYLRA,CJE LARANJEIRAS,191582.5,7970.5,0.0416034867485287
2026-04-01,IYMTD,CJF Mauriti,41580.0,2766.0,0.06652236652236652
2026-04-01,IYSDC,CJF SOL DO CERRADO,87001.0,7403.5,0.08509672302617212
2026-04-01,IYSDF,CJF SOL DO FUTURO,10041.0,787.5,0.07842844338213326
2026-04-01,IYSPD,CJF SAO PEDRO,9304.0,1162.0,0.12489251934651763
2026-04-01,IYSVPA,CJE STA VITORIA DO PALMAR,132173.0,1249.0,0.00944973633041544
2026-04-01,IYUEXG,XANGRILA,5450.0,43.0,0.007889908256880735
2026-04-01,IYUFLS,CJF LAR DO SOL,90218.5,7843.5,0.0869389315938527
2026-04-01,IYVST1,CJF VISTA ALEGRE - JANAUBA,147285.5,12847.5,0.08722854591931996
2026-04-01,MLEMAU,MALHADINHA1,3842.5,62.0,0.016135328562134028
2026-04-01,MMCTN,CJE CAETITE NORTE,63909.5,2909.5,0.045525313138109355
2026-04-01,MMKW2W,CJE KAIROS,11740.0,250.0,0.02129471890971039
2026-04-01,MMMSC,CJE MANGUE SECO,9398.0,191.5,0.020376675888486913
2026-04-01,MMRAL,CJFVRIOALTO,37137.5,3147.5,0.08475260854931
2026-04-01,MPUEPM,P.MORGADO,0.0,0.0,
2026-04-01,MSABR,CJE AREIA BRANCA,5638.5,72.0,0.012769353551476457
2026-04-01,MSCHP1,CJCHAPADA1,48015.0,3380.5,0.07040508174528794
2026-04-01,MSEBR,CJCAETES2,35742.0,547.5,0.015318113144200101
2026-04-01,MSFLO,CJFVFLORESTA,15285.0,1285.5,0.08410206084396467
2026-04-01,MSFSA,CJFAISA,10625.5,346.5,0.0326102301068185
2026-04-01,MSUEAB,AREIA BRANCA,0.0,0.0,
2026-04-01,MSUEAP,S.A.PADUA,0.0,0.0,
2026-04-01,MSUEEM,EMBUACA,0.0,0.0,
2026-04-01,MSUEFC,FAISA V,0.0,0.0,
2026-04-01,MSUEFD,FAISA II,0.0,0.0,
2026-04-01,MSUEFQ,FAISA IV,0.0,0.0,
2026-04-01,MSUEFT,FAISA III,0.0,0.0,
2026-04-01,MSUEFU,FAISA I,0.0,0.0,
2026-04-01,MSUEMT,MAR TERRA,0.0,0.0,
2026-04-01,MSUESC,SAO CRISTOVAO,0.0,0.0,
2026-04-01,MSUESJ,SAP JORGE,0.0,0.0,
2026-04-01,MTQ69,CJQUINTA69,12274.5,81.0,0.006599046804350483
2026-04-01,MVCEM1,M VENTOS 1,0.0,0.0,
2026-04-01,MVCEM3,M VENTOS 3,0.0,0.0,
2026-04-01,MVCEM4,M VENTOS 4,0.0,0.0,
2026-04-01,MVCEM6,M VENTOS 6,0.0,0.0,
2026-04-01,MVCEM9,M VENTOS 9,0.0,0.0,
2026-04-01,MXFFUT,CJ FUTURA,130604.5,10550.5,0.08078205574846196
2026-04-01,NBUERF,RIO DO FOGO,0.0,0.0,
2026-04-01,NL4ETAT,CJE Tacaratu 230kV,51628.0,889.0,0.017219338343534518
2026-04-01,NL5FGID,CJF GILBUES II 500KV,126807.0,10777.0,0.08498742183002515
2026-04-01,NLCCRI,CJE CRISTAL,31376.5,847.0,0.026994725351776012
2026-04-01,NLCMR,CJ CUMARU,35655.5,748.5,0.020992553743461737
2026-04-01,NLCVNT,CJCURVAVENTO,18491.0,945.0,0.05110594343193986
2026-04-01,NLDFN,CJDELFINA,69630.5,1715.5,0.02463719203509956
2026-04-01,NLEMS2,CJ MORRO DO CHAPEU SUL II,132583.0,3266.5,0.024637396951343687
2026-04-01,NLETAT,CJ EOL TACARATU,0.0,0.0,
2026-04-01,NLFNVT,CJTACARATU,0.0,0.0,
2026-04-01,NLFTAT,CJ SOL TACARATU,637.0,45.0,0.0706436420722135
2026-04-01,NLFVD,CJ FONTE DOS VENTOS II,0.0,0.0,
2026-04-01,NLHZT,CJHORIZONTE,15323.0,1734.5,0.1131958493767539
2026-04-01,NLLDV,CJ Lagoa dos Ventos,208313.0,5625.0,0.027002635457220623
2026-04-01,NLLDV1,CJ LAGOA DOS VENTOS 1,0.0,0.0,
2026-04-01,NLLDV2,CJ LAGOA DOS VENTOS 2,0.0,0.0,
2026-04-01,NLLDV3,CJ LAGOA DOS VENTOS 3,0.0,0.0,
2026-04-01,NLMCS,CJ MORRO DO CHAPEU SUL,71986.5,2013.0,0.02796357650392782
2026-04-01,NLMODL,CJMODELO,8657.5,192.5,0.022235056309558188
2026-04-01,NLOUR,CJ OUROLANDIA II,195228.5,5034.5,0.025787730787256984
2026-04-01,NLSEAZ,CJSERRAAZUL,25310.0,484.0,0.019122876333465034
2026-04-01,NLSGO,CJSAOGONCALO,0.0,0.0,
2026-04-01,NLSGOA,CJ SAO GONCALO A,0.0,0.0,
2026-04-01,NLTBV,CJFVITUVERAVA,37744.5,4336.0,0.11487766429546027
2026-04-01,NLUECR,CRISTAL,0.0,0.0,
2026-04-01,NLUEJO,JOANA,0.0,0.0,
2026-04-01,NLUEMD,MODELO II,0.0,0.0,
2026-04-01,NLUEMI,EMILIANA,0.0,0.0,
2026-04-01,NLUEMP,MODELO I,0.0,0.0,
2026-04-01,NLUEPF,PAU FERRO,0.0,0.0,
2026-04-01,NLUEPG,P GERONIMO,0.0,0.0,
2026-04-01,NLUEPR,PRIMAVERA,0.0,0.0,
2026-04-01,NLUESJ,S JUDAS,0.0,0.0,
2026-04-01,NLUETA,TACAICO,0.0,0.0,
2026-04-01,NLVSR,CJ VENTOS DE SAO ROQUE,196839.5,6814.0,0.03461703570675601
2026-04-01,NTMEND,CJF ACU III,82134.0,6893.5,0.08392991940000487
2026-04-01,OBQ138,CJQUINTA138,22571.5,161.0,0.007132888819972089
2026-04-01,P1SPP,CJF Bom Nome,13449.5,1157.0,0.08602550280679579
2026-04-01,PFCAL,CJ CALCARIO,12502.5,810.5,0.06482703459308138
2026-04-01,PPUEPP,P.PARAJURU,0.0,0.0,
2026-04-01,PUUEPU,PARACURU,0.0,0.0,
2026-04-01,RCUERC,F.R.CHORO,0.0,0.0,
2026-04-01,RFMNR,CJ MONTE DO RONCA,29259.0,677.5,0.023155268464404116
2026-04-01,RGCABC,CJCAETITE A,20234.5,1093.0,0.0540166547233685
2026-04-01,RGITRU,CJITAREMA V,12402.5,352.5,0.02842168917556944
2026-04-01,S1FMRG,CJF Marangatu,54235.5,4869.5,0.08978436632832738
2026-04-01,S1PTN,CJF Banabuiu,41000.5,3384.0,0.08253557883440446
2026-04-01,S34FICO,CJF Ico 230 kV,19711.5,1458.0,0.07396697359409482
2026-04-01,S3AFB,CJ AFONSO BEZERRA,22373.0,431.5,0.019286640146605284
2026-04-01,S3FSEM,CJ UFV SERRA DO MATO,15725.5,1271.5,0.08085593462846968
2026-04-01,S3SEM,CJ SERRA DO MATO,7478.5,241.0,0.03222571371264291
2026-04-01,S3SERA,CJ SERROTE A,14536.5,534.5,0.03676951123035119
2026-04-01,SCPCEO,PC EOLICAS,0.0,0.0,
2026-04-01,SCPCSL,PC SOLAR,0.0,0.0,
2026-04-01,SGDLT,CJDELTA3,48542.0,1314.5,0.02707964237155453
2026-04-01,SSARI,CJ ARIZONA,74329.0,2141.5,0.0288110966110132
2026-04-01,SSSESE,CJPBRANCA,55319.0,1580.0,0.028561615358195194
2026-04-01,SSUE7G,Sete Gameleira,0.0,0.0,
2026-04-01,SSUEPB,Pedra Branca,0.0,0.0,
2026-04-01,SSUESP,S Pedro Lago,0.0,0.0,
2026-04-01,SWCVDB,CJVDABAHIA,0.0,0.0,
2026-04-01,T1SODA,CJF TACAIMBO,25176.0,2227.0,0.088457260883381
2026-04-01,UVSMG,CJSMIGUEL,11537.0,291.0,0.025223194938025485
2026-04-01,UVUE12,UVENTOS 12,0.0,0.0,
2026-04-01,UVUE13,UVENTOS 13,0.0,0.0,
2026-04-01,UVUE14,UVENTOS 14,0.0,0.0,
2026-04-01,UVUEV1,UVENTOS 1,0.0,0.0,
2026-04-01,UVUEV2,UVENTOS 2,0.0,0.0,
2026-04-01,UVUEV3,UVENTOS 3,0.0,0.0,
2026-04-01,UVUEV4,UVENTOS 4,0.0,0.0,
2026-04-01,UVUEV5,UVENTOS 5,0.0,0.0,
2026-04-01,UVUEV6,UVENTOS 6,0.0,0.0,
2026-04-01,UVUEV7,UVENTOS 7,0.0,0.0,
2026-04-01,UVUEV8,UVENTOS 8,0.0,0.0,
2026-04-01,UVUEV9,UVENTOS 9,0.0,0.0,
2026-04-01,UVUEVX,UVENTOS 10,0.0,0.0,
2026-04-01,UVUVNT,CJUVENTOS,36320.0,1142.5,0.031456497797356826
2026-04-01,VIANE,CJ ANEMUS,28405.5,485.5,0.017091760398514372
2026-04-01,VIARP,CJE CURRAL NOVO PIAUI II 500KV,115357.0,3603.5,0.031237809582426727
2026-04-01,VICSDS,CJ SERRA DO SERIDO,113913.5,3124.5,0.02742870686968621
2026-04-01,VIECAD,CARCARA 2,0.0,0.0,
2026-04-01,VIECAU,CARCARA 1,0.0,0.0,
2026-04-01,VIETER,TERRAL,0.0,0.0,
2026-04-01,VIFLA,CJ FOLHA LARGA,131651.0,3384.5,0.025708122232265613
2026-04-01,VINHZ,CJE Novo Horizonte,115963.0,5959.0,0.05138708036183955
2026-04-01,VIPARN,CJPARANATAMA,49262.5,891.5,0.018096929713270742
2026-04-01,VISDB,CJ SERRA DA BABILONIA,107218.0,2328.5,0.021717435505232332
2026-04-01,VISLDF5,CJ UFV Santa Luzia,34690.5,3006.0,0.0866519652354391
2026-04-01,VISPC,CJF SIMPLICE,18051.0,1434.0,0.07944158218381253
2026-04-01,VISSD,CJ SOL DO SERTAO,86516.5,9978.0,0.11533060167713673
2026-04-01,VISSDB,CJF SERRA BABILONIA,25372.5,2153.5,0.0848753571780471
2026-04-01,VISVT,CJ VT São Vitor,134425.5,8731.5,0.0649541939587355
2026-04-01,VITSN,CJ TERRA SANTA,13372.0,265.5,0.01985492072988334
2026-04-01,VIVB2,CJVDABAHIA2,0.0,0.0,
2026-04-01,VIVB3,CJ VENTOS DA BAHIA III,0.0,0.0,
2026-04-01,VIVBA,CJE VENTOS DA BAHIA,88044.5,1701.5,0.01932545474163633
2026-04-01,VL4EMSD,CJE Mossoró II 230kV,49828.5,776.5,0.015583451237745467
2026-04-01,VL5ESMA,CJ Serra do Mel A,96051.0,1792.0,0.018656755265431906
2026-04-01,VLAB2,CJ ABAIARA 230 KV,29771.5,2464.0,0.08276371697764641
2026-04-01,VLAMZ,CJAMAZONAS,0.0,0.0,
2026-04-01,VLAPA,CJF Jaguaruana II,26476.5,1870.0,0.07062867070798633
2026-04-01,VLARN,CJF Arinos 2,215724.5,16309.0,0.07560105597648853
2026-04-01,VLCAN,CJ CANUDOS I,29218.5,417.5,0.014288892311378065
2026-04-01,VLCARC,CJCARCARA2,0.0,0.0,
2026-04-01,VLCFVB,CJF Barro Alto 230kV,51292.0,4248.5,0.08282968104187788
2026-04-01,VLCNB,CJCARNAUBAS,16124.5,402.5,0.024962014326025614
2026-04-01,VLDRC,CJF DRACO,101052.5,7745.5,0.07664827688577719
2026-04-01,VLFIG,CJ FILGUEIRA,0.0,0.0,
2026-04-01,VLMNV,CJ MUNDO NOVO,18862.0,465.0,0.024652740960661647
2026-04-01,VLSDMA,CJ SR DO MEL A  ANT,0.0,0.0,
2026-04-01,VLSDMC,CJ SERRA DO MEL C,78966.0,6003.5,0.07602639110503255
2026-04-01,VLSM2A,CJ SERRA DO MEL II A,0.0,0.0,
2026-04-01,VRUEVR,VOLTA RIO,0.0,0.0,
2026-04-01,VS5FRGV,CJF R. Gonçalves 500kV,39119.0,3192.5,0.08160995935478924
2026-04-01,VSBJL,CJFOTOBJL,7189.0,905.5,0.1259563221588538
2026-04-01,VSCIR,CJ UFV Ciranda,42179.0,3643.5,0.08638184878731123
2026-04-01,VSJAN,CJ JANDAIA,11184.0,280.5,0.025080472103004292
2026-04-01,VSLAV,CJ Lavras,26942.5,2175.5,0.08074603321889208
2026-04-01,VUARX,CJ ARAXA,15227.0,1262.0,0.08287909634202403
2026-04-01,VUJAI3,CJF Jaiba 138 kV,18069.5,1557.0,0.08616729848639973
2026-04-01,VUPED,CJ PEDRANOPOLIS,17037.0,1376.5,0.0807947408581323
2026-05-01,3N4EPND,CJEPindaí II 230kV,47421.0,6514.0,0.1373653022922334
2026-05-01,3N5EIGT,CJE IGAPORÃ III 500 kV,79924.0,10729.5,0.13424628396977129
2026-05-01,3NABD,CJ Abil II,0.0,0.0,
2026-05-01,3NABL,CJ Abil I,0.0,0.0,
2026-05-01,3NFDS,CJ Folha da Serra,0.0,0.0,
2026-05-01,3NQUN,CJ Quina,0.0,0.0,
2026-05-01,3NTBD,CJ TAMBORIL II,20689.0,2782.5,0.13449175890569867
2026-05-01,3NTBR,CJ Tamboril I,0.0,0.0,
2026-05-01,3RCEBF,BAIXAFEIJAO,40126.5,1654.5,0.04123210347276737
2026-05-01,3REMVD,CJ MONTE VERDE,174969.5,6797.0,0.03884677043713333
2026-05-01,3RMVS,CJ Monte Verde Solar,34168.5,4188.5,0.12258366624229919
2026-05-01,3RPB,CJ PEREIRA BARRETO,77570.0,8909.0,0.11485110223024365
2026-05-01,3RUECI,CIDREIRA,13819.5,483.5,0.034986794022938604
2026-05-01,A1BRAM,Brametal,0.0,0.0,
2026-05-01,A1DALL,Dallas Mineracao,0.0,0.0,
2026-05-01,A1GRAA,Gramazini Cdi,0.0,0.0,
2026-05-01,A1GRAM,Gramazini Solar Park,0.0,0.0,
2026-05-01,A1KINK,Kinka Regis,0.0,0.0,
2026-05-01,A1MAQS,Maqstone,0.0,0.0,
2026-05-01,A1MILA,Milanezi 1,0.0,0.0,
2026-05-01,A1NICC,Nicchio Sobrinho,0.0,0.0,
2026-05-01,A1ZUCC,Zucchi,0.0,0.0,
2026-05-01,A2CENR,CENTRAL MINEIRAO,0.0,0.0,
2026-05-01,A2FCR,FCR III Itapuranga,129.0,0.0,0.0
2026-05-01,A2GUIA,GUIMARANIA 2,5935.5,0.0,0.0
2026-05-01,A2GUIM,GUIMARANIA 1,5878.5,0.0,0.0
2026-05-01,A2ITA1,Ita 01,639.0,0.0,0.0
2026-05-01,A2ITA2,Ita 02,527.0,0.0,0.0
2026-05-01,A3UEGG,Gargaú,2094.5,0.0,0.0
2026-05-01,A4ELGI,Elgin Mogi Das Cruzes,0.0,0.0,
2026-05-01,A4MARV,Marvi Solar,0.0,0.0,
2026-05-01,A4MINE,Mineradora Jp Ii,0.0,0.0,
2026-05-01,A4REDE,Rede Zeferino S. J. Boa Vista,0.0,0.0,
2026-05-01,A4REDZ,Rede Zeferino Itapira,0.0,0.0,
2026-05-01,A4TANQ,TANQUINHO,0.0,0.0,
2026-05-01,A4ZODI,Zodiac Produtos Farmacêuticos,0.0,0.0,
2026-05-01,A5BRSU,Brisas Suaves,941.0,0.0,0.0
2026-05-01,ADUEAD,CJAGUADOCE,17940.5,441.5,0.024609124606337615
2026-05-01,AFJDT,CJ Jandaira III,19713.0,678.5,0.034418911378278294
2026-05-01,AFPTM,CJ PITOMBEIRA,11704.0,398.5,0.034048188653451814
2026-05-01,AFUPTM,UFV PITOMBEIRA,8997.0,1102.0,0.12248527286873402
2026-05-01,AGACA,CONJUNTO EOLICO ACAUA,36219.0,949.0,0.02620171733068279
2026-05-01,AGFFDM,FLOR DE MANDACARU,150.5,14.5,0.09634551495016612
2026-05-01,AGSTI,CJSINACIO,20014.0,531.5,0.02655641051264115
2026-05-01,ALUEA1,ALEGRIA,3354.5,162.0,0.048293337308093605
2026-05-01,ALUEA2,ALEGRIA 2,6088.0,304.5,0.05001642575558476
2026-05-01,ARBJU,CJFVBJESUS,11797.5,4171.5,0.35359186268277176
2026-05-01,ARCRL,CJCRISTALANDIA,24765.0,1341.0,0.05414900060569352
2026-05-01,ARJCAT,CJE RENASCENCA V,18063.0,675.0,0.03736920777279522
2026-05-01,ARLAP,CJFVLAPA,12384.0,4248.5,0.34306363049095606
2026-05-01,ARMRRI,CJCFORMOSO,63293.5,2491.5,0.03936423171415706
2026-05-01,ARNVO,CJF NOVA OLINDA,45918.5,5394.0,0.11746899397846183
2026-05-01,ARUEER,EURUS II,0.0,0.0,
2026-05-01,ARUERN,RENASCENCA5,0.0,0.0,
2026-05-01,ATMRO2,CJMARMELEIRO2,56705.0,2053.0,0.03620492020104047
2026-05-01,AU4ECNP,CJE CURRAL NOVO PIAUI II 230KV,416966.5,25608.5,0.06141620489895471
2026-05-01,AUAR3,CJARARIPE3,0.0,0.0,
2026-05-01,AUCPH,CJCHAPADINHA,0.0,0.0,
2026-05-01,AUSDJ,CJ JAIBA V,96223.0,11630.5,0.12087027010174282
2026-05-01,AUSDP1,UFV SOL DO PIAUI,8297.5,1196.5,0.1442000602591142
2026-05-01,AUVDP2,CJ VENTOS DO PIAUI 2,0.0,0.0,
2026-05-01,AUVDP3,CJ VENTOS DO PIAUI III,0.0,0.0,
2026-05-01,B3FSA,CJ FRANCISCO SA,17839.5,2163.5,0.12127582051066453
2026-05-01,B3UJAI,CJF JAIBA,25386.5,3108.5,0.12244696984617809
2026-05-01,BB4EOUR,CJE Ourolândia II 230kV,0.0,0.0,
2026-05-01,BBASO,CJF ASSU SOL 500 kV,136963.5,16737.0,0.12220044026328182
2026-05-01,BBASSV,UFV ASSU V,5823.0,733.0,0.12588013051691568
2026-05-01,BBCLA,CJE CAMPO LARGO ANTIGO,0.0,0.0,
2026-05-01,BBCLA2,CJE CAMPO LARGO 2,0.0,0.0,
2026-05-01,BBE4CLA,CJE CAMPO LARGO,309186.0,32066.5,0.1037126519312
2026-05-01,BBSAG,CJE Santo Agostinho,95413.0,3855.5,0.04040853971681008
2026-05-01,BBSAR,CJE SERRA DO ASSURUA,348153.0,30407.0,0.08733803816138307
2026-05-01,BBSSB,CJF SERTAO SOLAR BARREIRAS,19523.0,6486.0,0.33222353121958714
2026-05-01,BBTRA,CJE TRAIRI,16770.0,600.5,0.03580799045915325
2026-05-01,BBUBN,CJE UMBURANAS,161068.0,14581.5,0.09053008667146795
2026-05-01,BBUEBB,BEBERIBE,0.0,0.0,
2026-05-01,BBUEFL,FLEXEIRAS,0.0,0.0,
2026-05-01,BBUEGU,GUAJIRU,0.0,0.0,
2026-05-01,BBUEMU,MUNDAU,0.0,0.0,
2026-05-01,BBUEPS,PEDRA SAL,0.0,0.0,
2026-05-01,BBUETR,TRAIRI,0.0,0.0,
2026-05-01,BBUFPU,CJF PARACATU,63303.0,7586.5,0.11984424118920114
2026-05-01,BEJAN,CJ JANAUBA,251396.0,29749.5,0.11833720504701746
2026-05-01,BFCGPN,CJPLANALTINA,0.0,0.0,
2026-05-01,BFCSER,CJ OESTE SERIDO,107899.5,5973.5,0.055361702324848584
2026-05-01,BFIGGU,CJGUIRAPA,0.0,0.0,
2026-05-01,BFIGLA,CJLALMEIDA,0.0,0.0,
2026-05-01,BFIGNC,CJNSCONCEICAO,0.0,0.0,
2026-05-01,BFIGP,CJ IGAPORA,132596.5,18654.5,0.14068621720784485
2026-05-01,BFRENS,CJE RENASCENCA,39806.0,1668.0,0.04190323066874341
2026-05-01,BFUFAL,CJ ALEX,47803.0,5607.0,0.11729389368868062
2026-05-01,BIAUD,CJE ACARAU II,3066.5,92.5,0.030164682863199087
2026-05-01,BICEAD,CJPAPAGAIO,1043.5,36.0,0.03449928126497365
2026-05-01,BIUEBU,BURITI,0.0,0.0,
2026-05-01,BIUECO,COQUEIROS,0.0,0.0,
2026-05-01,BJUEBJ,CJBOMJARDIM,13575.0,379.0,0.027918968692449357
2026-05-01,BLUEM1,MSECO1,0.0,0.0,
2026-05-01,BLUEM2,MSECO2,0.0,0.0,
2026-05-01,BLUEM3,MSECO3,0.0,0.0,
2026-05-01,BLUEM5,MSECO5,0.0,0.0,
2026-05-01,BWUERT,REI VENTOS 3,5446.0,238.0,0.043701799485861184
2026-05-01,BWUERU,REI VENTOS 1,4815.5,225.0,0.04672412002907279
2026-05-01,C0BELM,Conjunto solar Belmonte,84900.0,9830.5,0.11578916372202591
2026-05-01,C0LINS,CFV Lins,25757.0,3248.5,0.12612105447062935
2026-05-01,C1SJP,FVSJP,37519.5,4388.0,0.11695251802396088
2026-05-01,CFCEAT,CJATLANTICA,26259.5,827.0,0.03149336430625107
2026-05-01,CHCND,CJE CASA NOVA II,19954.5,662.5,0.033200531208499334
2026-05-01,CHGPX,CJE GPEXPAN,32656.5,4020.0,0.12309953608010657
2026-05-01,CLARD,CJARACATI2,9008.5,207.5,0.023033801409779654
2026-05-01,CLBSUL,CJEBLOCOSUL,48098.5,1814.0,0.03771427383390334
2026-05-01,CLCECV,CJCAMPOVENTOS,26567.5,1099.0,0.041366331043568266
2026-05-01,CLCEE1,EURUS I,0.0,0.0,
2026-05-01,CLCEE3,EURUS III,0.0,0.0,
2026-05-01,CLCHE,CJ P CHEIROSA,3680.0,163.0,0.044293478260869566
2026-05-01,CLECBR,C.BRANCA,0.0,0.0,
2026-05-01,CLECV2,C.VENTOS 2,0.0,0.0,
2026-05-01,CLEJUR,JUREMA,0.0,0.0,
2026-05-01,CLEMAC,MACACOS,0.0,0.0,
2026-05-01,CLEPEP,PEDRA PRETA,0.0,0.0,
2026-05-01,CLGAM,CJ GAMELEIRA,20000.0,732.5,0.036625
2026-05-01,CLJCCP,CJMACACOS,21249.5,805.5,0.03790677427704181
2026-05-01,CLJCDV,CJE MORRO DOS VENTOS II,23281.5,893.0,0.03835663509653588
2026-05-01,CLMVNT,CJE MORRO DOS VENTOS,40892.5,1638.0,0.04005624503270771
2026-05-01,CLSCLA,CJSCLARA,26506.5,1002.5,0.037820911851809934
2026-05-01,CLUEBV,B.VENTOS,0.0,0.0,
2026-05-01,CLUEC1,S CLARA I,0.0,0.0,
2026-05-01,CLUEC2,S CLARA II,0.0,0.0,
2026-05-01,CLUEC3,S CLARA III,0.0,0.0,
2026-05-01,CLUEC4,S CLARA IV,0.0,0.0,
2026-05-01,CLUEC5,S CLARA V,0.0,0.0,
2026-05-01,CLUEC6,S CLARA VI,0.0,0.0,
2026-05-01,CLUECQ,C.QUEBRADA,0.0,0.0,
2026-05-01,CLUEEN,ENACEL,0.0,0.0,
2026-05-01,CLUEFO,FORMOSA,4677.0,256.5,0.05484284797947402
2026-05-01,CLUEIC,ICARAIZINHO,3084.5,101.0,0.03274436699627168
2026-05-01,CLUER6,EURUS VI,0.0,0.0,
2026-05-01,CMJSNU,CJF Três Marias,9218.0,1039.0,0.11271425471902799
2026-05-01,CNLBI,CJ LAGOA DO BARRO I,115210.5,5540.0,0.04808589494881109
2026-05-01,CNTQN,CJ TANQUE NOVO,69526.5,8571.5,0.12328392771101666
2026-05-01,CQAVD,CJ Aventura II,44266.5,1480.0,0.03343386082025911
2026-05-01,CQCUT,CJ CUTIA,66118.5,2524.0,0.038173884767500776
2026-05-01,CQEAB1,A BRANCA I,0.0,0.0,
2026-05-01,CQEAB2,A BRANCA II,0.0,0.0,
2026-05-01,CQEAB3,A BRANCA III,0.0,0.0,
2026-05-01,CQEEU4,EURUS IV,0.0,0.0,
2026-05-01,CQESHE,S HELENA,0.0,0.0,
2026-05-01,CQESMA,S MARIA,0.0,0.0,
2026-05-01,CQESUR,VS URIEL,0.0,0.0,
2026-05-01,CQJCCO,CJBPOTIGUAR1,39220.5,1283.0,0.0327124845425224
2026-05-01,CQJDA,CJ JANDAIRA I,27229.5,975.5,0.03582511614241907
2026-05-01,CQSMN,CJ SANTA ROSA MUNDO NOVO,44270.0,1701.0,0.03842331149762819
2026-05-01,CRUEGG,GARGAU,0.0,0.0,
2026-05-01,CV4FBBC,CJF BABILONIA CENTRO,20210.0,2440.5,0.12075705096486887
2026-05-01,CV4FBBS,CJF Babilonia Sul,10760.0,2586.5,0.2403810408921933
2026-05-01,CV5ETGS,CJE SERRA DO TIGRE,186045.5,9492.5,0.05102246493465308
2026-05-01,CVBBC,CJE BABILONIA CENTRO,217382.5,11576.5,0.05325405678929997
2026-05-01,CVBBS,CJ BABILONIA SUL,148431.5,13812.5,0.09305639301630718
2026-05-01,CVFLS,CJ FOLHA LARGA SUL,60493.5,2355.0,0.03892980237546183
2026-05-01,CVRDV,CJ RIO DO VENTO,171442.5,6193.5,0.03612581477754932
2026-05-01,CVRVE,CJ Rio do Vento Exp,189454.0,6713.5,0.035436042522195364
2026-05-01,CVUMR,CJ UMARI,72518.0,2021.0,0.027868942883146255
2026-05-01,CYBAB,CJ BABILONIA,55101.5,3128.5,0.056777038737602425
2026-05-01,D2EOLI,Eólio - Elétrica de Palmas,0.0,0.0,
2026-05-01,D2PORM,Pormade,0.0,0.0,
2026-05-01,D3APEK,Ape Kiformaggio,0.0,0.0,
2026-05-01,D3APES,Ape Ksd Metais,0.0,0.0,
2026-05-01,D3CAXI,Caxiense,0.0,0.0,
2026-05-01,D3COOP,Coopermaçã,0.0,0.0,
2026-05-01,D3DACO,Dacolonia,0.0,0.0,
2026-05-01,D3FAZD,Fazenda Rosário 3,2634.0,0.0,0.0
2026-05-01,D3FAZE,Fazenda Rosário,1369.0,0.0,0.0
2026-05-01,D3FAZN,Fazenda Rosário 2,3683.0,0.0,0.0
2026-05-01,D3MADE,Madesa,0.0,0.0,
2026-05-01,D3MERC,Mercur Solar,0.0,0.0,
2026-05-01,D3PALO,Palotti Ape,0.0,0.0,
2026-05-01,D3PARQ,Parque Eólico de Palmares,1521.0,0.0,0.0
2026-05-01,D4EOLI,Eólica Água Doce,672.0,0.0,0.0
2026-05-01,D4ESTU,Estrutural Zortea,0.0,0.0,
2026-05-01,D4HBRE,H Bremer & Filhos,0.0,0.0,
2026-05-01,D4INTE,Intelbras,0.0,0.0,
2026-05-01,D4LAIR,Laire Ind. de Emb. Plásticas,0.0,0.0,
2026-05-01,D4LAMI,Laminados Mocelin,0.0,0.0,
2026-05-01,D4MEGA,MEGAWATT SOLAR,0.0,0.0,
2026-05-01,D4NOVA,Nova Aurora,0.0,0.0,
2026-05-01,D4PARQ,Parque Eólico do Horizonte,361.5,0.0,0.0
2026-05-01,D4TUBR,Tubarão P&D 2,0.0,0.0,
2026-05-01,D4VENT,Vento Meridional Oeste I,0.0,0.0,
2026-05-01,D5MOGA,Mogano Energia,0.0,0.0,
2026-05-01,D5MOVE,Moveis Paulo,0.0,0.0,
2026-05-01,D5TUBA,Tubarão P&D,0.0,0.0,
2026-05-01,DSBMC,CJE BROTAS DE MACAUBAS,75155.5,9421.5,0.1253600867534645
2026-05-01,DSJER,CJ JERUSALEM,73717.0,3213.0,0.04358560440603931
2026-05-01,DSMRRC,CJF Serrita,7809.0,904.0,0.1157638622102702
2026-05-01,DSUENH,N.HORIZONTE,0.0,0.0,
2026-05-01,DSUESE,SEABRA,0.0,0.0,
2026-05-01,DSVSE,CJ SANTA EUGENIA,207128.5,17941.5,0.08662014160291799
2026-05-01,EFEVDI,VENTOS INDIOS,0.0,0.0,
2026-05-01,EFEVSI,VENTOS LITORAL,0.0,0.0,
2026-05-01,EFEVSO,VENTOS SUL,0.0,0.0,
2026-05-01,EFEVSS,VENTOS LAGOA,0.0,0.0,
2026-05-01,EFLBA,CJLBARROS,53272.5,1953.0,0.0366605659580459
2026-05-01,EIVIA3,CJVIAMAO3,13254.5,398.0,0.030027537817345053
2026-05-01,EJCPIR,CJPIRAPORA 2,60350.0,7265.5,0.1203893951946976
2026-05-01,EJCST3,CJ CASTILHO,25981.0,2693.5,0.10367191409106655
2026-05-01,EJPR4,CJF PARACATU 4 500KV,109727.0,12494.0,0.1138644089421929
2026-05-01,EJSDA1,CJE SERRA DAS ALMAS II 500 kV,107280.5,3768.0,0.03512287880835753
2026-05-01,EJUFD,CJDRACENA,11410.0,1350.5,0.11836108676599474
2026-05-01,EJVZP,CJF Varzea da Palma 7,18898.5,2192.5,0.11601449850517237
2026-05-01,EJVZPQ,CJ Helio Valgas,99025.0,11705.5,0.11820752335268872
2026-05-01,EQ2ESSA,CJE SERRA DE SANTANA,63705.5,1925.5,0.03022501981775514
2026-05-01,EQ5ESMB,CJ SERRA DO MEL B,107350.0,3454.5,0.03217978574755473
2026-05-01,EQBRD,CJF BARREIRAS II 500KV,81214.0,28755.5,0.35407072672199374
2026-05-01,EQRG3,CJF Ribeiro Gonçalves,43045.0,5086.0,0.11815541874782205
2026-05-01,EQSDMB,CJ SERRA DO MEL B ANT,0.0,0.0,
2026-05-01,EQSM2B,CJ SERRA DO MEL II B,0.0,0.0,
2026-05-01,EQSNT3,CJSSANTANA3,0.0,0.0,
2026-05-01,EQSRO,CJSROSALIA,26285.0,1055.5,0.04015598249952444
2026-05-01,EQST12,CJSSANTANA12,0.0,0.0,
2026-05-01,EQVCLE,CJSCLEMENTE,51973.5,2353.0,0.04527307185392556
2026-05-01,ESCNG,CJE LIVRAMENTO 3,66315.5,1456.0,0.021955651393716403
2026-05-01,ESECC1,C.CHATO1,0.0,0.0,
2026-05-01,ESECC2,C.CHATO2,0.0,0.0,
2026-05-01,ESECC3,C.CHATO3,0.0,0.0,
2026-05-01,ESECC4,CJE CERRO CHATO,39484.5,890.0,0.02254049057224987
2026-05-01,F2JOFE,Jofege Mineracao,0.0,0.0,
2026-05-01,F2PERA,Perola Br 060,0.0,0.0,
2026-05-01,F2PERL,Perola Av Comercial,0.0,0.0,
2026-05-01,F2PERO,Perola Av Brasil,0.0,0.0,
2026-05-01,F2PERR,Perola Rua Luziania,0.0,0.0,
2026-05-01,F3DVMS,Dvm Solar I,0.0,0.0,
2026-05-01,F4COPA,Copacel,0.0,0.0,
2026-05-01,F4DUAL,Dual Cnp,0.0,0.0,
2026-05-01,F4DUAP,Dual Pp,0.0,0.0,
2026-05-01,F4FAZN,FAZENDA SOLAR,0.0,0.0,
2026-05-01,F6KAPA,Kapa Zero,228.5,0.0,0.0
2026-05-01,F7SOLM,SOL MAIOR,848.0,0.0,0.0
2026-05-01,FBCHN,CJ CHAFARIZ NORTE,48537.0,2623.5,0.0540515483033562
2026-05-01,FBCHS,CJ CHAFARIZ SUL I,35770.5,1805.0,0.05046057505486364
2026-05-01,FBCHSD,CHAFARIZ SUL II,39916.5,2269.0,0.056843661142635254
2026-05-01,FBLZA,CJ Luzia,17802.0,2307.5,0.129620267385687
2026-05-01,FBOIT,CJ Oitis,181798.5,7856.0,0.04321267777236886
2026-05-01,GEDREN,CJOLHOdAGUA,14659.0,575.5,0.0392591581963299
2026-05-01,GEECVA,CTV_ACARAU_I,1934.5,105.5,0.05453605582837943
2026-05-01,GEEPR1,RENASCENCA1,0.0,0.0,
2026-05-01,GEEPR2,RENASCENCA2,0.0,0.0,
2026-05-01,GEEPR3,RENASCENCA3,0.0,0.0,
2026-05-01,GEEPR4,RENASCENCA4,0.0,0.0,
2026-05-01,GEEVSM,VSMIGUEL,0.0,0.0,
2026-05-01,GEUEBV,BOA VISTA,0.0,0.0,
2026-05-01,GEUEFA,FAROL,0.0,0.0,
2026-05-01,GEUEOD,OLHO DAGUA,0.0,0.0,
2026-05-01,GEUESB,S BENTO N,0.0,0.0,
2026-05-01,GEWND1,CJBWGUIRAPA1,32624.0,4612.5,0.14138364394310937
2026-05-01,GEWND2,CJBWGUIRAPA2,29694.0,3988.5,0.13432006465952717
2026-05-01,GLCHP2,CJCHAPADA2,83417.5,6316.0,0.07571552731740942
2026-05-01,GLCHP3,CJCHAPADA3,87053.5,6289.0,0.07224293107112292
2026-05-01,GLEAB4,A.BRANCA 4,0.0,0.0,
2026-05-01,GLEAB5,A.BRANCA 5,0.0,0.0,
2026-05-01,GLEAB6,A.BRANCA 6,0.0,0.0,
2026-05-01,GLEAB7,A.BRANCA 7,0.0,0.0,
2026-05-01,GLEAB8,A.BRANCA 8,0.0,0.0,
2026-05-01,GLJCAB,CJE ASA BRANCA,27505.5,1163.5,0.04230063078293432
2026-05-01,GSCPD,CJCABPRETO2,45528.0,1698.0,0.037295730100158145
2026-05-01,GTCUFG,CJGUAIMBE,20706.0,2555.0,0.12339418526031103
2026-05-01,GTUFBH,CJBOAHORA,29682.5,3675.0,0.12381032594963362
2026-05-01,I1BOND,Bonde Mais I,0.0,0.0,
2026-05-01,I1CITE,CITEPE,0.0,0.0,
2026-05-01,I1FAZE,Fazenda Esmeralda,4318.0,0.0,0.0
2026-05-01,I1FEDE,Federal,0.0,0.0,
2026-05-01,I1FERR,Ferreira Costa Caruaru,15.0,0.0,0.0
2026-05-01,I1GRVT,Gravatá Fruitrade,1079.0,0.0,0.0
2026-05-01,I1IPLA,Iplac Industria,0.0,0.0,
2026-05-01,I1MAND,Mandacaru,860.0,0.0,0.0
2026-05-01,I1MARA,Maravilhas I,0.0,0.0,
2026-05-01,I1MARV,Maravilhas II,0.0,0.0,
2026-05-01,I1MODA,Moda Center,0.0,0.0,
2026-05-01,I1OURB,Ouro Branco 2,8250.0,0.0,0.0
2026-05-01,I1OURO,Ouro Branco 1,8793.0,0.0,0.0
2026-05-01,I1PINC,Pincéis Roma Pe,12.0,0.0,0.0
2026-05-01,I1PIRA,Pirauá,960.5,0.0,0.0
2026-05-01,I1QUAT,Quatro Ventos,6056.5,0.0,0.0
2026-05-01,I1SHOP,Shopping Cidade,0.0,0.0,
2026-05-01,I1SNTM,Santa Maria,691.5,0.0,0.0
2026-05-01,I1SOLA,Solar Salgueiro,4797.0,0.0,0.0
2026-05-01,I1SOLR,Solar Salgueiro II,5869.5,0.0,0.0
2026-05-01,I1VENO,Venosan,0.0,0.0,
2026-05-01,I1XAVA,Xavante,629.5,0.0,0.0
2026-05-01,I2AERO,Aeroporto De Salvador,0.0,0.0,
2026-05-01,I2BARR,Barra dos Coqueiros,3567.0,0.0,0.0
2026-05-01,I2FERR,Ferreira Costa Aracaju,0.0,0.0,
2026-05-01,I3ASSU,Assuruá,4807.5,0.0,0.0
2026-05-01,I3EVB2,Ventos da Bahia II,8987.5,0.0,0.0
2026-05-01,I3EVB4,Ventos da Bahia IV,3932.0,0.0,0.0
2026-05-01,I3EVB8,Ventos da Bahia VIII,8934.0,0.0,0.0
2026-05-01,I3PDR3,Pedra do Reino III,4251.0,0.0,0.0
2026-05-01,I3PEDD,Pedra do Reino IV,5917.0,0.0,0.0
2026-05-01,I3PEDO,Pedra do Reino,6475.5,0.0,0.0
2026-05-01,I3PEDR,Pedra do Reino V,4772.0,0.0,0.0
2026-05-01,I3SOBO,Sobrado 1,5712.0,0.0,0.0
2026-05-01,I3VERD,Verde Vale III,2729.5,0.0,0.0
2026-05-01,I4ALBA,Albatroz,600.0,0.0,0.0
2026-05-01,I4ARAT,Aratuá I,1682.0,0.0,0.0
2026-05-01,I4ARIZ,Arizona 1,3344.0,0.0,0.0
2026-05-01,I4ATLA,Atlântica,663.0,0.0,0.0
2026-05-01,I4CAMU,Camurim,651.0,0.0,0.0
2026-05-01,I4CANO,Canoas,8018.5,0.0,0.0
2026-05-01,I4CARA,Caravela,600.0,0.0,0.0
2026-05-01,I4COEH,Coelhos II,633.5,0.0,0.0
2026-05-01,I4COEL,Coelhos III,331.0,0.0,0.0
2026-05-01,I4COEO,Coelhos IV,627.0,0.0,0.0
2026-05-01,I4COES,Coelhos I,630.0,0.0,0.0
2026-05-01,I4EDRC,Edr Construções,0.0,0.0,
2026-05-01,I4FER2,Ferreira Costa João Pessoa,270.0,0.0,0.0
2026-05-01,I4FERR,Ferreira Costa Natal,0.0,0.0,
2026-05-01,I4FILI,Filial Polpa De Frutas,0.0,0.0,
2026-05-01,I4INDU,Industrias Becker I,0.0,0.0,
2026-05-01,I4LAGO,Lagoa 2,6270.5,0.0,0.0
2026-05-01,I4MATA,Mataraca,575.0,0.0,0.0
2026-05-01,I4MIAS,Miassaba II,1802.0,0.0,0.0
2026-05-01,I4MILL,Millennium,1418.5,0.0,0.0
2026-05-01,I4PARQ,Parque Eólico Cabeço Preto IV,4599.0,0.0,0.0
2026-05-01,I4PARU,Parque Eólico Cabeço Preto,4716.5,0.0,0.0
2026-05-01,I4POLA,Polpa Ideal Ii,0.0,0.0,
2026-05-01,I4POLP,Polpa Ideal I,0.0,0.0,
2026-05-01,I4PRES,Presidente,420.0,0.0,0.0
2026-05-01,I4SOLA,Solar Alto do Rodrigues,0.0,0.0,
2026-05-01,I4STEB,Sterbom Matriz,0.0,0.0,
2026-05-01,I4STER,Ster Bom Filial Casquinho,0.0,0.0,
2026-05-01,I4SUPE,Sup. Nord. Superfacil Rodov.,0.0,0.0,
2026-05-01,I4UERF,RN 15 - Rio do Fogo,5067.5,0.0,0.0
2026-05-01,I4VITO,Vitória,600.0,0.0,0.0
2026-05-01,I5ANGI,Angico I,5032.5,0.0,0.0
2026-05-01,I5BBR,Parque Eólico de Beberibe,1638.0,0.0,0.0
2026-05-01,I5DELT,Delta do Parnaíba,0.0,0.0,
2026-05-01,I5DUNA,Dunas de Paracuru,2717.5,0.0,0.0
2026-05-01,I5EOLI,Eólica Canoa Quebrada,953.0,0.0,0.0
2026-05-01,I5FRC,Foz do Rio Choró,1547.5,0.0,0.0
2026-05-01,I5ICAR,Icaraí,1411.0,0.0,0.0
2026-05-01,I5LAGA,Lagoa 1,7181.5,0.0,0.0
2026-05-01,I5LGMO,Lagoa do Mato,348.0,0.0,0.0
2026-05-01,I5MALT,Malta,5048.5,0.0,0.0
2026-05-01,I5MEL0,Mel 02,1939.5,0.0,0.0
2026-05-01,I5MUCU,Mucuripe,0.0,0.0,
2026-05-01,I5PRU,Eólica Paracuru,1841.0,0.0,0.0
2026-05-01,I5QUIX,Quixaba,699.0,0.0,0.0
2026-05-01,I5RIOD,Rio do Peixe I,5455.5,0.0,0.0
2026-05-01,I5RIOO,Rio do Peixe II,5301.5,0.0,0.0
2026-05-01,I5SHOP,Shopping Serra Talhada,0.0,0.0,
2026-05-01,I5TAIA,Taíba,0.0,0.0,
2026-05-01,I5TAIB,Taíba Albatroz,786.5,0.0,0.0
2026-05-01,I5TAUA,Tauá,0.0,0.0,
2026-05-01,I5UPRJ,Eólica Praias de Parajuru,3351.0,0.0,0.0
2026-05-01,I7DELT,Delta do Parnaíba,0.0,0.0,
2026-05-01,I7LUIG,Luiz Gonzaga II,0.0,0.0,
2026-05-01,I7LUIN,Luiz Gonzaga III,0.0,0.0,
2026-05-01,I7LUIO,Luiz Gonzaga I,0.0,0.0,
2026-05-01,I7PORD,Porto do Delta,4666.5,0.0,0.0
2026-05-01,I7PORO,Porto Salgado,1160.0,0.0,0.0
2026-05-01,I7PORT,Porto das Barcas,1482.0,0.0,0.0
2026-05-01,I7PSAL,Pedra do Sal,1203.5,0.0,0.0
2026-05-01,I7SERT,Sertão 1,5401.0,0.0,0.0
2026-05-01,I7SOBA,Sobral 1,5715.0,0.0,0.0
2026-05-01,I7TESA,Testa Branca III,3034.0,0.0,0.0
2026-05-01,I7TEST,Testa Branca I,3786.5,0.0,0.0
2026-05-01,IACEIG,ILHA GRANDE,0.0,0.0,
2026-05-01,IACETB,TAIBA AGUIA,0.0,0.0,
2026-05-01,IAERA1,RIACHAO1,0.0,0.0,
2026-05-01,IAERA2,RIACHAO2,0.0,0.0,
2026-05-01,IAERA4,RIACHAO4,0.0,0.0,
2026-05-01,IAERA6,RIACHAO6,0.0,0.0,
2026-05-01,IAERA7,RIACHAO7,0.0,0.0,
2026-05-01,IAFSBA,CJ SOL SAO BASILIO,33052.5,4502.5,0.1362226760456849
2026-05-01,IAICR,CJICARAI,11127.5,477.0,0.04286677151201977
2026-05-01,IARIA,CJRIACHAO,25075.5,1150.0,0.04586149827520887
2026-05-01,IASABA,CJESBASILIO,0.0,0.0,
2026-05-01,IASBAE,CJ EOL SAO BASILIO,72534.5,4577.0,0.0631010071069629
2026-05-01,IATBA,CJTAIBA,6076.5,214.0,0.03521764173455114
2026-05-01,IAUEAD,TAIBA ANDORINHA,0.0,0.0,
2026-05-01,IAUEBC,BOCA CORREGO,0.0,0.0,
2026-05-01,IAUECL,COLONIA,0.0,0.0,
2026-05-01,IAUEID,ICARAI 2,0.0,0.0,
2026-05-01,IAUEIU,ICARAI,0.0,0.0,
2026-05-01,IAUERB,RIBEIRAO,0.0,0.0,
2026-05-01,IDC245,CJCALANGO2,23681.5,769.0,0.032472605198150456
2026-05-01,IDCA3,CJCALANGO3,21601.0,763.5,0.03534558585250683
2026-05-01,IDCAL1,CJCALANGO1,17868.5,518.5,0.02901754484148082
2026-05-01,IDCJCT,CJCAETITE123,33693.0,4899.0,0.1454011218947556
2026-05-01,IGCAJ1,CONJUNTO EOLICO CAJU,163200.5,6413.0,0.039295222747479326
2026-05-01,IGCTE,CJCAETITE,29891.0,4114.0,0.13763340135826838
2026-05-01,IGPND,CJPELOURINHO,21154.5,2932.0,0.1385993523836536
2026-05-01,IGTUC,CJ TUCANO,79324.5,1438.0,0.01812806888161917
2026-05-01,IGUEDP,CJ ARACAS,64402.0,9523.5,0.14787584236514395
2026-05-01,IGUEMI,MIASSABA3,6197.0,250.5,0.04042278521865419
2026-05-01,IGUEMR,CJ MORRAO,42231.0,5530.0,0.1309464611304492
2026-05-01,IY3FIRE,CJF IRECE 138KV,22751.5,3912.0,0.1719447069423994
2026-05-01,IY4FJZD,CJF Juazeiro II 230kV,43251.5,4618.5,0.10678242373096887
2026-05-01,IYASRA,CJE GENTIO DO OURO I,138980.0,5119.0,0.03683263778961002
2026-05-01,IYBRI,CJF BRIGIDA,26928.5,3138.0,0.11653081307907978
2026-05-01,IYBST,CJF BOA SORTE,48388.0,5447.0,0.1125692320410019
2026-05-01,IYCBS,CJE CACIMBAS,18138.0,761.0,0.04195611423530709
2026-05-01,IYJZS,CJF JUAZEIRO SOLAR,0.0,0.0,
2026-05-01,IYJZS2,CJF JUAZEIRO SOLAR 2,0.0,0.0,
2026-05-01,IYLRA,CJE LARANJEIRAS,237082.5,20994.0,0.0885514536079213
2026-05-01,IYMTD,CJF Mauriti,42221.0,4585.0,0.10859524880983397
2026-05-01,IYSDC,CJF SOL DO CERRADO,84946.5,10081.0,0.11867469524936283
2026-05-01,IYSDF,CJF SOL DO FUTURO,10138.5,1173.5,0.11574690536075356
2026-05-01,IYSPD,CJF SAO PEDRO,10014.0,3434.5,0.3429698422208908
2026-05-01,IYSVPA,CJE STA VITORIA DO PALMAR,114502.0,4591.5,0.040099736249148484
2026-05-01,IYUEXG,XANGRILA,5244.0,216.5,0.041285278413424865
2026-05-01,IYUFLS,CJF LAR DO SOL,89552.0,10969.0,0.12248749329998214
2026-05-01,IYVST1,CJF VISTA ALEGRE - JANAUBA,151125.0,18293.5,0.12104880066170388
2026-05-01,MLEMAU,MALHADINHA1,4662.0,189.0,0.04054054054054054
2026-05-01,MMCTN,CJE CAETITE NORTE,84805.0,11634.0,0.13718530747007843
2026-05-01,MMKW2W,CJE KAIROS,7643.0,277.5,0.03630773256574644
2026-05-01,MMMSC,CJE MANGUE SECO,11631.0,437.0,0.03757200584644484
2026-05-01,MMRAL,CJFVRIOALTO,38606.0,4678.0,0.1211728746826918
2026-05-01,MPUEPM,P.MORGADO,0.0,0.0,
2026-05-01,MSABR,CJE AREIA BRANCA,6848.5,142.0,0.02073446740162079
2026-05-01,MSCHP1,CJCHAPADA1,72033.0,5009.0,0.06953757305679341
2026-05-01,MSEBR,CJCAETES2,40262.0,1720.5,0.04273260146043416
2026-05-01,MSFLO,CJFVFLORESTA,15132.0,1818.0,0.12014274385408406
2026-05-01,MSFSA,CJFAISA,12357.0,825.0,0.0667637776159262
2026-05-01,MSUEAB,AREIA BRANCA,0.0,0.0,
2026-05-01,MSUEAP,S.A.PADUA,0.0,0.0,
2026-05-01,MSUEEM,EMBUACA,0.0,0.0,
2026-05-01,MSUEFC,FAISA V,0.0,0.0,
2026-05-01,MSUEFD,FAISA II,0.0,0.0,
2026-05-01,MSUEFQ,FAISA IV,0.0,0.0,
2026-05-01,MSUEFT,FAISA III,0.0,0.0,
2026-05-01,MSUEFU,FAISA I,0.0,0.0,
2026-05-01,MSUEMT,MAR TERRA,0.0,0.0,
2026-05-01,MSUESC,SAO CRISTOVAO,0.0,0.0,
2026-05-01,MSUESJ,SAP JORGE,0.0,0.0,
2026-05-01,MTQ69,CJQUINTA69,10156.5,400.5,0.03943287549844927
2026-05-01,MVCEM1,M VENTOS 1,0.0,0.0,
2026-05-01,MVCEM3,M VENTOS 3,0.0,0.0,
2026-05-01,MVCEM4,M VENTOS 4,0.0,0.0,
2026-05-01,MVCEM6,M VENTOS 6,0.0,0.0,
2026-05-01,MVCEM9,M VENTOS 9,0.0,0.0,
2026-05-01,MXFFUT,CJ FUTURA,137018.5,16116.5,0.11762280276021121
2026-05-01,NBUERF,RIO DO FOGO,0.0,0.0,
2026-05-01,NL4ETAT,CJE Tacaratu 230kV,69478.0,2725.0,0.039221048389418235
2026-05-01,NL5FGID,CJF GILBUES II 500KV,145418.5,29284.5,0.2013808421899552
2026-05-01,NLCCRI,CJE CRISTAL,39937.0,2335.5,0.05847960537847109
2026-05-01,NLCMR,CJ CUMARU,57909.0,1861.5,0.03214526239444646
2026-05-01,NLCVNT,CJCURVAVENTO,22770.0,3041.0,0.13355292050944226
2026-05-01,NLDFN,CJDELFINA,90482.5,3673.0,0.04059348492802475
2026-05-01,NLEMS2,CJ MORRO DO CHAPEU SUL II,165858.0,9808.5,0.05913793727164201
2026-05-01,NLETAT,CJ EOL TACARATU,0.0,0.0,
2026-05-01,NLFNVT,CJTACARATU,0.0,0.0,
2026-05-01,NLFTAT,CJ SOL TACARATU,573.0,78.5,0.13699825479930192
2026-05-01,NLFVD,CJ FONTE DOS VENTOS II,0.0,0.0,
2026-05-01,NLHZT,CJHORIZONTE,17329.0,5725.0,0.33037105430203706
2026-05-01,NLLDV,CJ Lagoa dos Ventos,308194.0,12526.5,0.040644853566260214
2026-05-01,NLLDV1,CJ LAGOA DOS VENTOS 1,0.0,0.0,
2026-05-01,NLLDV2,CJ LAGOA DOS VENTOS 2,0.0,0.0,
2026-05-01,NLLDV3,CJ LAGOA DOS VENTOS 3,0.0,0.0,
2026-05-01,NLMCS,CJ MORRO DO CHAPEU SUL,86207.0,4872.5,0.05652093217488139
2026-05-01,NLMODL,CJMODELO,14908.5,544.5,0.03652278901297917
2026-05-01,NLOUR,CJ OUROLANDIA II,239713.0,12387.5,0.05167637967068953
2026-05-01,NLSEAZ,CJSERRAAZUL,33383.5,1630.0,0.048826516093279614
2026-05-01,NLSGO,CJSAOGONCALO,0.0,0.0,
2026-05-01,NLSGOA,CJ SAO GONCALO A,0.0,0.0,
2026-05-01,NLTBV,CJFVITUVERAVA,43071.5,14366.5,0.3335500272802201
2026-05-01,NLUECR,CRISTAL,0.0,0.0,
2026-05-01,NLUEJO,JOANA,0.0,0.0,
2026-05-01,NLUEMD,MODELO II,0.0,0.0,
2026-05-01,NLUEMI,EMILIANA,0.0,0.0,
2026-05-01,NLUEMP,MODELO I,0.0,0.0,
2026-05-01,NLUEPF,PAU FERRO,0.0,0.0,
2026-05-01,NLUEPG,P GERONIMO,0.0,0.0,
2026-05-01,NLUEPR,PRIMAVERA,0.0,0.0,
2026-05-01,NLUESJ,S JUDAS,0.0,0.0,
2026-05-01,NLUETA,TACAICO,0.0,0.0,
2026-05-01,NLVSR,CJ VENTOS DE SAO ROQUE,292177.5,13676.5,0.04680887474223717
2026-05-01,NTMEND,CJF ACU III,84792.5,10443.5,0.12316537429607571
2026-05-01,OBQ138,CJQUINTA138,18703.5,657.5,0.03515384821022803
2026-05-01,P1SPP,CJF Bom Nome,14047.5,1727.0,0.12294002491546538
2026-05-01,PFCAL,CJ CALCARIO,13524.0,1289.5,0.09534900916888495
2026-05-01,PPUEPP,P.PARAJURU,0.0,0.0,
2026-05-01,PUUEPU,PARACURU,0.0,0.0,
2026-05-01,RCUERC,F.R.CHORO,0.0,0.0,
2026-05-01,RFMNR,CJ MONTE DO RONCA,47782.0,1739.0,0.03639445816416224
2026-05-01,RGCABC,CJCAETITE A,23005.5,3128.0,0.13596748603594794
2026-05-01,RGITRU,CJITAREMA V,17665.5,547.0,0.030964308963799494
2026-05-01,S1FMRG,CJF Marangatu,56330.0,6860.5,0.12179123025031068
2026-05-01,S1PTN,CJF Banabuiu,42578.0,5068.0,0.11902860632251397
2026-05-01,S34FICO,CJF Ico 230 kV,25231.0,2653.5,0.10516824541238952
2026-05-01,S3AFB,CJ AFONSO BEZERRA,29394.5,1221.0,0.0415383830308391
2026-05-01,S3FSEM,CJ UFV SERRA DO MATO,15523.5,1915.0,0.12336135536444745
2026-05-01,S3SEM,CJ SERRA DO MATO,10208.0,346.5,0.03394396551724138
2026-05-01,S3SERA,CJ SERROTE A,20112.0,781.5,0.03885739856801909
2026-05-01,SCPCEO,PC EOLICAS,0.0,0.0,
2026-05-01,SCPCSL,PC SOLAR,0.0,0.0,
2026-05-01,SGDLT,CJDELTA3,43637.5,2030.0,0.04651962188484675
2026-05-01,SSARI,CJ ARIZONA,105338.5,4569.0,0.04337445473402412
2026-05-01,SSSESE,CJPBRANCA,80463.5,3618.0,0.04496448700342391
2026-05-01,SSUE7G,Sete Gameleira,0.0,0.0,
2026-05-01,SSUEPB,Pedra Branca,0.0,0.0,
2026-05-01,SSUESP,S Pedro Lago,0.0,0.0,
2026-05-01,SWCVDB,CJVDABAHIA,0.0,0.0,
2026-05-01,T1SODA,CJF TACAIMBO,24004.5,2830.0,0.11789456143639734
2026-05-01,UVSMG,CJSMIGUEL,17535.0,508.5,0.028999144568006844
2026-05-01,UVUE12,UVENTOS 12,0.0,0.0,
2026-05-01,UVUE13,UVENTOS 13,0.0,0.0,
2026-05-01,UVUE14,UVENTOS 14,0.0,0.0,
2026-05-01,UVUEV1,UVENTOS 1,0.0,0.0,
2026-05-01,UVUEV2,UVENTOS 2,0.0,0.0,
2026-05-01,UVUEV3,UVENTOS 3,0.0,0.0,
2026-05-01,UVUEV4,UVENTOS 4,0.0,0.0,
2026-05-01,UVUEV5,UVENTOS 5,0.0,0.0,
2026-05-01,UVUEV6,UVENTOS 6,0.0,0.0,
2026-05-01,UVUEV7,UVENTOS 7,0.0,0.0,
2026-05-01,UVUEV8,UVENTOS 8,0.0,0.0,
2026-05-01,UVUEV9,UVENTOS 9,0.0,0.0,
2026-05-01,UVUEVX,UVENTOS 10,0.0,0.0,
2026-05-01,UVUVNT,CJUVENTOS,39354.0,1374.0,0.034913858819942065
2026-05-01,VIANE,CJ ANEMUS,33466.5,734.0,0.021932380141335365
2026-05-01,VIARP,CJE CURRAL NOVO PIAUI II 500KV,169002.0,6944.0,0.04108827114472018
2026-05-01,VICSDS,CJ SERRA DO SERIDO,172496.0,9028.5,0.05234034412392172
2026-05-01,VIECAD,CARCARA 2,0.0,0.0,
2026-05-01,VIECAU,CARCARA 1,0.0,0.0,
2026-05-01,VIETER,TERRAL,0.0,0.0,
2026-05-01,VIFLA,CJ FOLHA LARGA,150344.5,6157.5,0.040955937862708645
2026-05-01,VINHZ,CJE Novo Horizonte,155554.5,18743.0,0.12049153190682366
2026-05-01,VIPARN,CJPARANATAMA,60460.5,2763.5,0.04570752805550731
2026-05-01,VISDB,CJ SERRA DA BABILONIA,129061.0,7427.5,0.05755030566941214
2026-05-01,VISLDF5,CJ UFV Santa Luzia,33416.0,4238.0,0.12682547282738807
2026-05-01,VISPC,CJF SIMPLICE,14102.5,1644.0,0.11657507534125156
2026-05-01,VISSD,CJ SOL DO SERTAO,92398.0,27657.5,0.29933007207948226
2026-05-01,VISSDB,CJF SERRA BABILONIA,25913.0,3845.0,0.14838112144483465
2026-05-01,VISVT,CJ VT São Vitor,184668.5,18016.5,0.09756130579931066
2026-05-01,VITSN,CJ TERRA SANTA,21404.5,723.0,0.03377794389030344
2026-05-01,VIVB2,CJVDABAHIA2,0.0,0.0,
2026-05-01,VIVB3,CJ VENTOS DA BAHIA III,0.0,0.0,
2026-05-01,VIVBA,CJE VENTOS DA BAHIA,106821.5,5881.5,0.055059140716054354
2026-05-01,VL4EMSD,CJE Mossoró II 230kV,61245.5,1515.5,0.024744675118988334
2026-05-01,VL5ESMA,CJ Serra do Mel A,117202.5,3984.0,0.033992448966532286
2026-05-01,VLAB2,CJ ABAIARA 230 KV,34879.0,4121.5,0.11816565841910605
2026-05-01,VLAMZ,CJAMAZONAS,0.0,0.0,
2026-05-01,VLAPA,CJF Jaguaruana II,31488.5,3343.5,0.1061816218619496
2026-05-01,VLARN,CJF Arinos 2,231799.0,26515.0,0.11438789641025199
2026-05-01,VLCAN,CJ CANUDOS I,31055.5,1331.5,0.042874853085604805
2026-05-01,VLCARC,CJCARCARA2,0.0,0.0,
2026-05-01,VLCFVB,CJF Barro Alto 230kV,87436.5,10054.0,0.11498630434658295
2026-05-01,VLCNB,CJCARNAUBAS,26844.5,938.5,0.03496060645569856
2026-05-01,VLDRC,CJF DRACO,105208.0,12199.0,0.11595125845943274
2026-05-01,VLFIG,CJ FILGUEIRA,0.0,0.0,
2026-05-01,VLKW2W,CJE KAIROS,4191.0,118.0,0.028155571462658076
2026-05-01,VLMNV,CJ MUNDO NOVO,34440.5,1209.0,0.03510401997648118
2026-05-01,VLSDMA,CJ SR DO MEL A  ANT,0.0,0.0,
2026-05-01,VLSDMC,CJ SERRA DO MEL C,82849.5,9726.5,0.11739962220653112
2026-05-01,VLSM2A,CJ SERRA DO MEL II A,0.0,0.0,
2026-05-01,VRUEVR,VOLTA RIO,0.0,0.0,
2026-05-01,VS5FRGV,CJF R. Gonçalves 500kV,32528.5,3688.0,0.11337749973100512
2026-05-01,VSBJL,CJFOTOBJL,7785.5,2691.0,0.345642540620384
2026-05-01,VSCIR,CJ UFV Ciranda,45142.5,5269.5,0.11673035387938195
2026-05-01,VSJAN,CJ JANDAIA,11830.5,424.0,0.035839567220320355
2026-05-01,VSLAV,CJ Lavras,27492.0,3350.5,0.121871817255929
2026-05-01,VUARX,CJ ARAXA,15509.5,1984.0,0.12792159644089107
2026-05-01,VUJAI3,CJF Jaiba 138 kV,19051.5,2312.5,0.12138151851560244
2026-05-01,VUPED,CJ PEDRANOPOLIS,16630.5,2060.0,0.12386879528577012
2026-06-01,3N4EPND,CJEPindaí II 230kV,39933.5,6281.5,0.15729900960346577
2026-06-01,3N5EIGT,CJE IGAPORÃ III 500 kV,64216.0,9403.0,0.14642768157468544
2026-06-01,3NABD,CJ Abil II,0.0,0.0,
2026-06-01,3NABL,CJ Abil I,0.0,0.0,
2026-06-01,3NFDS,CJ Folha da Serra,0.0,0.0,
2026-06-01,3NQUN,CJ Quina,0.0,0.0,
2026-06-01,3NTBD,CJ TAMBORIL II,18140.0,2612.5,0.14401874310915105
2026-06-01,3NTBR,CJ Tamboril I,0.0,0.0,
2026-06-01,3RCEBF,BAIXAFEIJAO,48907.0,2789.0,0.057026601508986446
2026-06-01,3REMVD,CJ MONTE VERDE,184467.5,13408.0,0.07268489029232791
2026-06-01,3RMVS,CJ Monte Verde Solar,33935.0,6575.0,0.1937527626344482
2026-06-01,3RPB,CJ PEREIRA BARRETO,61688.5,10160.5,0.16470654984316363
2026-06-01,3RUECI,CIDREIRA,10689.0,471.5,0.044110768079333895
2026-06-01,A1BRAM,Brametal,0.0,0.0,
2026-06-01,A1DALL,Dallas Mineracao,0.0,0.0,
2026-06-01,A1GRAA,Gramazini Cdi,0.0,0.0,
2026-06-01,A1GRAM,Gramazini Solar Park,0.0,0.0,
2026-06-01,A1KINK,Kinka Regis,0.0,0.0,
2026-06-01,A1MAQS,Maqstone,0.0,0.0,
2026-06-01,A1MILA,Milanezi 1,0.0,0.0,
2026-06-01,A1NICC,Nicchio Sobrinho,0.0,0.0,
2026-06-01,A1ZUCC,Zucchi,0.0,0.0,
2026-06-01,A2CENR,CENTRAL MINEIRAO,0.0,0.0,
2026-06-01,A2FCR,FCR III Itapuranga,999.0,0.0,0.0
2026-06-01,A2GUIA,GUIMARANIA 2,5237.0,0.0,0.0
2026-06-01,A2GUIM,GUIMARANIA 1,5289.0,0.0,0.0
2026-06-01,A2ITA1,Ita 01,491.0,0.0,0.0
2026-06-01,A2ITA2,Ita 02,478.0,0.0,0.0
2026-06-01,A3UEGG,Gargaú,1752.5,0.0,0.0
2026-06-01,A4ELGI,Elgin Mogi Das Cruzes,0.0,0.0,
2026-06-01,A4MARV,Marvi Solar,0.0,0.0,
2026-06-01,A4MINE,Mineradora Jp Ii,0.0,0.0,
2026-06-01,A4REDE,Rede Zeferino S. J. Boa Vista,0.0,0.0,
2026-06-01,A4REDZ,Rede Zeferino Itapira,0.0,0.0,
2026-06-01,A4TANQ,TANQUINHO,0.0,0.0,
2026-06-01,A4ZODI,Zodiac Produtos Farmacêuticos,0.0,0.0,
2026-06-01,A5BRSU,Brisas Suaves,777.0,0.0,0.0
2026-06-01,ADUEAD,CJAGUADOCE,17211.0,799.0,0.046423798733368195
2026-06-01,AFJDT,CJ Jandaira III,21995.5,1458.5,0.06630901775363142
2026-06-01,AFPTM,CJ PITOMBEIRA,16060.5,617.0,0.03841723483079605
2026-06-01,AFUPTM,UFV PITOMBEIRA,9106.5,1443.0,0.15845824411134904
2026-06-01,AGACA,CONJUNTO EOLICO ACAUA,41664.5,1613.0,0.038714013128682695
2026-06-01,AGFFDM,FLOR DE MANDACARU,166.0,29.0,0.1746987951807229
2026-06-01,AGSTI,CJSINACIO,29124.5,1008.5,0.034627203900496145
2026-06-01,ALUEA1,ALEGRIA,4803.0,377.0,0.07849260878617531
2026-06-01,ALUEA2,ALEGRIA 2,8598.5,656.0,0.07629237657731
2026-06-01,ARBJU,CJFVBJESUS,11615.0,4325.5,0.3724063710718898
2026-06-01,ARCRL,CJCRISTALANDIA,23034.0,1415.0,0.061430928193105847
2026-06-01,ARJCAT,CJE RENASCENCA V,20344.5,1124.0,0.05524834721915014
2026-06-01,ARLAP,CJFVLAPA,11883.5,4307.0,0.36243530946270036
2026-06-01,ARMRRI,CJCFORMOSO,58610.5,2839.0,0.048438419737077826
2026-06-01,ARNVO,CJF NOVA OLINDA,44348.0,6555.5,0.14781951835482998
2026-06-01,ARUEER,EURUS II,0.0,0.0,
2026-06-01,ARUERN,RENASCENCA5,0.0,0.0,
2026-06-01,ATMRO2,CJMARMELEIRO2,44896.0,1687.5,0.03758686742694227
2026-06-01,AU4ECNP,CJE CURRAL NOVO PIAUI II 230KV,432142.0,26610.0,0.06157698164029416
2026-06-01,AUAR3,CJARARIPE3,0.0,0.0,
2026-06-01,AUCPH,CJCHAPADINHA,0.0,0.0,
2026-06-01,AUSDJ,CJ JAIBA V,91307.5,21544.0,0.23594994934698682
2026-06-01,AUSDP1,UFV SOL DO PIAUI,7547.0,1278.0,0.16933881012322777
2026-06-01,AUVDP2,CJ VENTOS DO PIAUI 2,0.0,0.0,
2026-06-01,AUVDP3,CJ VENTOS DO PIAUI III,0.0,0.0,
2026-06-01,B3FSA,CJ FRANCISCO SA,17162.5,4283.0,0.24955571740713767
2026-06-01,B3UJAI,CJF JAIBA,24416.0,5678.0,0.2325524246395806
2026-06-01,BB4EOUR,CJE Ourolândia II 230kV,0.0,0.0,
2026-06-01,BBASO,CJF ASSU SOL 500 kV,135311.5,24732.5,0.1827819512753905
2026-06-01,BBASSV,UFV ASSU V,5734.0,1057.5,0.18442622950819673
2026-06-01,BBCLA,CJE CAMPO LARGO ANTIGO,0.0,0.0,
2026-06-01,BBCLA2,CJE CAMPO LARGO 2,0.0,0.0,
2026-06-01,BBE4CLA,CJE CAMPO LARGO,264453.5,17750.5,0.06712144100947803
2026-06-01,BBSAG,CJE Santo Agostinho,103617.0,8144.5,0.07860196685872009
2026-06-01,BBSAR,CJE SERRA DO ASSURUA,287828.0,21062.5,0.0731773837152744
2026-06-01,BBSSB,CJF SERTAO SOLAR BARREIRAS,19065.0,4749.0,0.24909520062942564
2026-06-01,BBTRA,CJE TRAIRI,31311.0,1858.5,0.059356136820925554
2026-06-01,BBUBN,CJE UMBURANAS,149062.0,9214.0,0.061813205243455745
2026-06-01,BBUEBB,BEBERIBE,0.0,0.0,
2026-06-01,BBUEFL,FLEXEIRAS,0.0,0.0,
2026-06-01,BBUEGU,GUAJIRU,0.0,0.0,
2026-06-01,BBUEMU,MUNDAU,0.0,0.0,
2026-06-01,BBUEPS,PEDRA SAL,0.0,0.0,
2026-06-01,BBUETR,TRAIRI,0.0,0.0,
2026-06-01,BBUFPU,CJF PARACATU,60202.5,9195.5,0.1527428262945891
2026-06-01,BEJAN,CJ JANAUBA,238946.5,56021.5,0.23445206353723533
2026-06-01,BFCGPN,CJPLANALTINA,0.0,0.0,
2026-06-01,BFCSER,CJ OESTE SERIDO,109857.5,7743.0,0.07048221559747855
2026-06-01,BFIGGU,CJGUIRAPA,0.0,0.0,
2026-06-01,BFIGLA,CJLALMEIDA,0.0,0.0,
2026-06-01,BFIGNC,CJNSCONCEICAO,0.0,0.0,
2026-06-01,BFIGP,CJ IGAPORA,111153.5,16711.5,0.15034614294646592
2026-06-01,BFRENS,CJE RENASCENCA,44567.5,2594.0,0.05820384809558535
2026-06-01,BFUFAL,CJ ALEX,52366.5,7808.0,0.14910295704314783
2026-06-01,BIAUD,CJE ACARAU II,6215.5,368.5,0.05928726570670099
2026-06-01,BICEAD,CJPAPAGAIO,2270.5,154.0,0.06782646994054173
2026-06-01,BIUEBU,BURITI,0.0,0.0,
2026-06-01,BIUECO,COQUEIROS,0.0,0.0,
2026-06-01,BJUEBJ,CJBOMJARDIM,12200.5,456.0,0.037375517396828
2026-06-01,BLUEM1,MSECO1,0.0,0.0,
2026-06-01,BLUEM2,MSECO2,0.0,0.0,
2026-06-01,BLUEM3,MSECO3,0.0,0.0,
2026-06-01,BLUEM5,MSECO5,0.0,0.0,
2026-06-01,BWUERT,REI VENTOS 3,6545.5,460.5,0.07035367809945764
2026-06-01,BWUERU,REI VENTOS 1,5763.0,408.5,0.07088322054485512
2026-06-01,C0BELM,Conjunto solar Belmonte,81441.0,11657.0,0.14313429353765303
2026-06-01,C0LINS,CFV Lins,28400.5,3973.5,0.13990950863541135
2026-06-01,C1SJP,FVSJP,36316.5,5286.0,0.1455536739498575
2026-06-01,CFCEAT,CJATLANTICA,19783.0,842.0,0.04256179548096851
2026-06-01,CHCND,CJE CASA NOVA II,20170.5,861.0,0.04268610098906819
2026-06-01,CHGPX,CJE GPEXPAN,29910.5,3679.5,0.12301700071881112
2026-06-01,CLARD,CJARACATI2,13661.5,578.5,0.04234527687296417
2026-06-01,CLBSUL,CJEBLOCOSUL,52882.0,2800.5,0.052957528081388754
2026-06-01,CLCECV,CJCAMPOVENTOS,30165.0,1729.5,0.05733465937344605
2026-06-01,CLCEE1,EURUS I,0.0,0.0,
2026-06-01,CLCEE3,EURUS III,0.0,0.0,
2026-06-01,CLCHE,CJ P CHEIROSA,5521.5,460.0,0.08331069455763833
2026-06-01,CLECBR,C.BRANCA,0.0,0.0,
2026-06-01,CLECV2,C.VENTOS 2,0.0,0.0,
2026-06-01,CLEJUR,JUREMA,0.0,0.0,
2026-06-01,CLEMAC,MACACOS,0.0,0.0,
2026-06-01,CLEPEP,PEDRA PRETA,0.0,0.0,
2026-06-01,CLGAM,CJ GAMELEIRA,24977.5,1367.0,0.054729256330697626
2026-06-01,CLJCCP,CJMACACOS,21629.5,1169.0,0.05404655678587115
2026-06-01,CLJCDV,CJE MORRO DOS VENTOS II,27138.0,1578.0,0.0581472474021667
2026-06-01,CLMVNT,CJE MORRO DOS VENTOS,45251.0,3396.5,0.07505911471569689
2026-06-01,CLSCLA,CJSCLARA,31288.0,2080.0,0.06647916133981079
2026-06-01,CLUEBV,B.VENTOS,0.0,0.0,
2026-06-01,CLUEC1,S CLARA I,0.0,0.0,
2026-06-01,CLUEC2,S CLARA II,0.0,0.0,
2026-06-01,CLUEC3,S CLARA III,0.0,0.0,
2026-06-01,CLUEC4,S CLARA IV,0.0,0.0,
2026-06-01,CLUEC5,S CLARA V,0.0,0.0,
2026-06-01,CLUEC6,S CLARA VI,0.0,0.0,
2026-06-01,CLUECQ,C.QUEBRADA,0.0,0.0,
2026-06-01,CLUEEN,ENACEL,0.0,0.0,
2026-06-01,CLUEFO,FORMOSA,9055.0,508.5,0.056156819436775265
2026-06-01,CLUEIC,ICARAIZINHO,6250.0,403.0,0.06448
2026-06-01,CLUER6,EURUS VI,0.0,0.0,
2026-06-01,CMJSNU,CJF Três Marias,8190.5,1153.0,0.14077284659056225
2026-06-01,CN4FRSD,CJF Russas II 230 kV,8283.5,1606.0,0.19387939880485303
2026-06-01,CNLBI,CJ LAGOA DO BARRO I,125738.5,7404.5,0.05888808916918843
2026-06-01,CNTQN,CJ TANQUE NOVO,55687.0,5561.0,0.0998617271535547
2026-06-01,CQAVD,CJ Aventura II,48858.0,3195.0,0.0653935895861476
2026-06-01,CQCUT,CJ CUTIA,77000.0,3950.0,0.0512987012987013
2026-06-01,CQEAB1,A BRANCA I,0.0,0.0,
2026-06-01,CQEAB2,A BRANCA II,0.0,0.0,
2026-06-01,CQEAB3,A BRANCA III,0.0,0.0,
2026-06-01,CQEEU4,EURUS IV,0.0,0.0,
2026-06-01,CQESHE,S HELENA,0.0,0.0,
2026-06-01,CQESMA,S MARIA,0.0,0.0,
2026-06-01,CQESUR,VS URIEL,0.0,0.0,
2026-06-01,CQJCCO,CJBPOTIGUAR1,49525.0,2470.0,0.049873801110550224
2026-06-01,CQJDA,CJ JANDAIRA I,30469.5,2113.0,0.06934803656115132
2026-06-01,CQSMN,CJ SANTA ROSA MUNDO NOVO,48633.0,2491.0,0.05122036477289083
2026-06-01,CRUEGG,GARGAU,0.0,0.0,
2026-06-01,CV4FBBC,CJF BABILONIA CENTRO,23811.0,3307.5,0.13890638780395614
2026-06-01,CV4FBBS,CJF Babilonia Sul,10191.5,1545.5,0.15164597949271452
2026-06-01,CV5ETGS,CJE SERRA DO TIGRE,196770.0,14669.5,0.07455150683539158
2026-06-01,CVBBC,CJE BABILONIA CENTRO,210199.0,11421.0,0.05433422613808819
2026-06-01,CVBBS,CJ BABILONIA SUL,143873.5,8703.0,0.06049063934637025
2026-06-01,CVFLS,CJ FOLHA LARGA SUL,58972.5,2928.5,0.049658739242867435
2026-06-01,CVRDV,CJ RIO DO VENTO,194450.0,9939.5,0.05111596811519671
2026-06-01,CVRVE,CJ Rio do Vento Exp,200107.5,9790.0,0.04892370350936372
2026-06-01,CVUMR,CJ UMARI,73852.5,3301.0,0.04469720050099861
2026-06-01,CYBAB,CJ BABILONIA,51840.5,3031.5,0.05847744524069019
2026-06-01,D2EOLI,Eólio - Elétrica de Palmas,0.0,0.0,
2026-06-01,D2PORM,Pormade,0.0,0.0,
2026-06-01,D3APEK,Ape Kiformaggio,0.0,0.0,
2026-06-01,D3APES,Ape Ksd Metais,0.0,0.0,
2026-06-01,D3CAXI,Caxiense,0.0,0.0,
2026-06-01,D3COOP,Coopermaçã,0.0,0.0,
2026-06-01,D3DACO,Dacolonia,0.0,0.0,
2026-06-01,D3FAZD,Fazenda Rosário 3,1939.5,0.0,0.0
2026-06-01,D3FAZE,Fazenda Rosário,1005.0,0.0,0.0
2026-06-01,D3FAZN,Fazenda Rosário 2,2820.0,0.0,0.0
2026-06-01,D3MADE,Madesa,0.0,0.0,
2026-06-01,D3MERC,Mercur Solar,0.0,0.0,
2026-06-01,D3PALO,Palotti Ape,0.0,0.0,
2026-06-01,D3PARQ,Parque Eólico de Palmares,1219.5,0.0,0.0
2026-06-01,D4EOLI,Eólica Água Doce,708.5,0.0,0.0
2026-06-01,D4ESTU,Estrutural Zortea,0.0,0.0,
2026-06-01,D4HBRE,H Bremer & Filhos,0.0,0.0,
2026-06-01,D4INTE,Intelbras,0.0,0.0,
2026-06-01,D4LAIR,Laire Ind. de Emb. Plásticas,0.0,0.0,
2026-06-01,D4LAMI,Laminados Mocelin,0.0,0.0,
2026-06-01,D4MEGA,MEGAWATT SOLAR,0.0,0.0,
2026-06-01,D4NOVA,Nova Aurora,0.0,0.0,
2026-06-01,D4PARQ,Parque Eólico do Horizonte,685.5,0.0,0.0
2026-06-01,D4TUBR,Tubarão P&D 2,0.0,0.0,
2026-06-01,D4VENT,Vento Meridional Oeste I,0.0,0.0,
2026-06-01,D5MOGA,Mogano Energia,0.0,0.0,
2026-06-01,D5MOVE,Moveis Paulo,0.0,0.0,
2026-06-01,D5TUBA,Tubarão P&D,0.0,0.0,
2026-06-01,DSBMC,CJE BROTAS DE MACAUBAS,65085.5,4684.0,0.0719668743422114
2026-06-01,DSJER,CJ JERUSALEM,75723.0,6449.0,0.08516566961161073
2026-06-01,DSMRRC,CJF Serrita,7875.5,1085.5,0.1378325185702495
2026-06-01,DSUENH,N.HORIZONTE,0.0,0.0,
2026-06-01,DSUESE,SEABRA,0.0,0.0,
2026-06-01,DSVSE,CJ SANTA EUGENIA,185489.5,14753.5,0.07953819488434655
2026-06-01,EFEVDI,VENTOS INDIOS,0.0,0.0,
2026-06-01,EFEVSI,VENTOS LITORAL,0.0,0.0,
2026-06-01,EFEVSO,VENTOS SUL,0.0,0.0,
2026-06-01,EFEVSS,VENTOS LAGOA,0.0,0.0,
2026-06-01,EFLBA,CJLBARROS,42162.0,1572.5,0.03729661780750439
2026-06-01,EIVIA3,CJVIAMAO3,10005.5,298.0,0.02978361900954475
2026-06-01,EJCPIR,CJPIRAPORA 2,57148.0,14045.0,0.2457653811156996
2026-06-01,EJCST3,CJ CASTILHO,20784.5,3132.5,0.15071327190935552
2026-06-01,EJPR4,CJF PARACATU 4 500KV,100264.5,14194.0,0.14156555909619056
2026-06-01,EJSDA1,CJE SERRA DAS ALMAS II 500 kV,85623.0,6249.0,0.07298272660383308
2026-06-01,EJUFD,CJDRACENA,9157.5,1599.0,0.1746109746109746
2026-06-01,EJVZP,CJF Varzea da Palma 7,18038.5,3325.0,0.1843279651855753
2026-06-01,EJVZPQ,CJ Helio Valgas,97558.0,24747.0,0.2536644867668464
2026-06-01,EQ2ESSA,CJE SERRA DE SANTANA,67143.0,2924.5,0.043556290305765306
2026-06-01,EQ5ESMB,CJ SERRA DO MEL B,133175.0,5027.5,0.03775107940679557
2026-06-01,EQBRD,CJF BARREIRAS II 500KV,79221.5,23620.0,0.29815138567181887
2026-06-01,EQRG3,CJF Ribeiro Gonçalves,45837.0,6684.0,0.14582106158780025
2026-06-01,EQSDMB,CJ SERRA DO MEL B ANT,0.0,0.0,
2026-06-01,EQSM2B,CJ SERRA DO MEL II B,0.0,0.0,
2026-06-01,EQSNT3,CJSSANTANA3,0.0,0.0,
2026-06-01,EQSRO,CJSROSALIA,38009.5,1801.5,0.04739604572541075
2026-06-01,EQST12,CJSSANTANA12,0.0,0.0,
2026-06-01,EQVCLE,CJSCLEMENTE,49156.5,2207.5,0.044907591061202484
2026-06-01,ESCNG,CJE LIVRAMENTO 3,49992.5,1753.5,0.03507526128919338
2026-06-01,ESECC1,C.CHATO1,0.0,0.0,
2026-06-01,ESECC2,C.CHATO2,0.0,0.0,
2026-06-01,ESECC3,C.CHATO3,0.0,0.0,
2026-06-01,ESECC4,CJE CERRO CHATO,25461.5,874.5,0.034345973332286
2026-06-01,F2JOFE,Jofege Mineracao,0.0,0.0,
2026-06-01,F2PERA,Perola Br 060,0.0,0.0,
2026-06-01,F2PERL,Perola Av Comercial,0.0,0.0,
2026-06-01,F2PERO,Perola Av Brasil,0.0,0.0,
2026-06-01,F2PERR,Perola Rua Luziania,0.0,0.0,
2026-06-01,F3DVMS,Dvm Solar I,0.0,0.0,
2026-06-01,F4COPA,Copacel,0.0,0.0,
2026-06-01,F4DUAL,Dual Cnp,0.0,0.0,
2026-06-01,F4DUAP,Dual Pp,0.0,0.0,
2026-06-01,F4FAZN,FAZENDA SOLAR,0.0,0.0,
2026-06-01,F6KAPA,Kapa Zero,133.0,0.0,0.0
2026-06-01,F7SOLM,SOL MAIOR,957.0,0.0,0.0
2026-06-01,FBCHN,CJ CHAFARIZ NORTE,46777.5,3286.0,0.0702474480252258
2026-06-01,FBCHS,CJ CHAFARIZ SUL I,32792.0,2201.0,0.06712002927543304
2026-06-01,FBCHSD,CHAFARIZ SUL II,44567.5,3097.5,0.06950131822516407
2026-06-01,FBLZA,CJ Luzia,17425.5,2933.0,0.1683165475883045
2026-06-01,FBOIT,CJ Oitis,192831.0,9235.0,0.047891677168090195
2026-06-01,GEDREN,CJOLHOdAGUA,17659.5,926.5,0.05246467906792378
2026-06-01,GEECVA,CTV_ACARAU_I,1627.5,99.5,0.061136712749615976
2026-06-01,GEEPR1,RENASCENCA1,0.0,0.0,
2026-06-01,GEEPR2,RENASCENCA2,0.0,0.0,
2026-06-01,GEEPR3,RENASCENCA3,0.0,0.0,
2026-06-01,GEEPR4,RENASCENCA4,0.0,0.0,
2026-06-01,GEEVSM,VSMIGUEL,0.0,0.0,
2026-06-01,GEUEBV,BOA VISTA,0.0,0.0,
2026-06-01,GEUEFA,FAROL,0.0,0.0,
2026-06-01,GEUEOD,OLHO DAGUA,0.0,0.0,
2026-06-01,GEUESB,S BENTO N,0.0,0.0,
2026-06-01,GEWND1,CJBWGUIRAPA1,29646.5,4556.0,0.1536774998735095
2026-06-01,GEWND2,CJBWGUIRAPA2,26651.5,3783.5,0.14196199088231432
2026-06-01,GLCHP2,CJCHAPADA2,89960.0,6629.0,0.07368830591373944
2026-06-01,GLCHP3,CJCHAPADA3,95075.5,6088.5,0.06403857986547533
2026-06-01,GLEAB4,A.BRANCA 4,0.0,0.0,
2026-06-01,GLEAB5,A.BRANCA 5,0.0,0.0,
2026-06-01,GLEAB6,A.BRANCA 6,0.0,0.0,
2026-06-01,GLEAB7,A.BRANCA 7,0.0,0.0,
2026-06-01,GLEAB8,A.BRANCA 8,0.0,0.0,
2026-06-01,GLJCAB,CJE ASA BRANCA,35359.0,2111.5,0.05971605531830651
2026-06-01,GSCPD,CJCABPRETO2,50500.5,2675.5,0.05297967346857952
2026-06-01,GTCUFG,CJGUAIMBE,17780.5,3126.0,0.17581057900508984
2026-06-01,GTUFBH,CJBOAHORA,23850.5,3965.5,0.16626485817907383
2026-06-01,I1BOND,Bonde Mais I,0.0,0.0,
2026-06-01,I1CITE,CITEPE,0.0,0.0,
2026-06-01,I1FAZE,Fazenda Esmeralda,3580.5,0.0,0.0
2026-06-01,I1FEDE,Federal,0.0,0.0,
2026-06-01,I1FERR,Ferreira Costa Caruaru,0.0,0.0,
2026-06-01,I1GRVT,Gravatá Fruitrade,1440.5,0.0,0.0
2026-06-01,I1IPLA,Iplac Industria,0.0,0.0,
2026-06-01,I1MAND,Mandacaru,1130.0,0.0,0.0
2026-06-01,I1MARA,Maravilhas I,0.0,0.0,
2026-06-01,I1MARV,Maravilhas II,0.0,0.0,
2026-06-01,I1MODA,Moda Center,0.0,0.0,
2026-06-01,I1OURB,Ouro Branco 2,11596.0,0.0,0.0
2026-06-01,I1OURO,Ouro Branco 1,11862.0,0.0,0.0
2026-06-01,I1PINC,Pincéis Roma Pe,0.0,0.0,
2026-06-01,I1PIRA,Pirauá,1241.5,0.0,0.0
2026-06-01,I1QUAT,Quatro Ventos,8377.5,0.0,0.0
2026-06-01,I1SHOP,Shopping Cidade,0.0,0.0,
2026-06-01,I1SNTM,Santa Maria,920.5,0.0,0.0
2026-06-01,I1SOLA,Solar Salgueiro,5219.5,0.0,0.0
2026-06-01,I1SOLR,Solar Salgueiro II,5353.0,0.0,0.0
2026-06-01,I1VENO,Venosan,0.0,0.0,
2026-06-01,I1XAVA,Xavante,928.0,0.0,0.0
2026-06-01,I2AERO,Aeroporto De Salvador,0.0,0.0,
2026-06-01,I2BARR,Barra dos Coqueiros,4191.0,0.0,0.0
2026-06-01,I2FERR,Ferreira Costa Aracaju,0.0,0.0,
2026-06-01,I3ASSU,Assuruá,4606.5,0.0,0.0
2026-06-01,I3EVB2,Ventos da Bahia II,10538.5,0.0,0.0
2026-06-01,I3EVB4,Ventos da Bahia IV,4576.0,0.0,0.0
2026-06-01,I3EVB8,Ventos da Bahia VIII,10302.0,0.0,0.0
2026-06-01,I3PDR3,Pedra do Reino III,5910.5,0.0,0.0
2026-06-01,I3PEDD,Pedra do Reino IV,8101.5,0.0,0.0
2026-06-01,I3PEDO,Pedra do Reino,9057.0,0.0,0.0
2026-06-01,I3PEDR,Pedra do Reino V,7170.0,0.0,0.0
2026-06-01,I3SOBO,Sobrado 1,6323.5,0.0,0.0
2026-06-01,I3VERD,Verde Vale III,2268.5,0.0,0.0
2026-06-01,I4ALBA,Albatroz,720.0,0.0,0.0
2026-06-01,I4ARAT,Aratuá I,2571.5,0.0,0.0
2026-06-01,I4ARIZ,Arizona 1,5081.0,0.0,0.0
2026-06-01,I4ATLA,Atlântica,720.0,0.0,0.0
2026-06-01,I4CAMU,Camurim,720.0,0.0,0.0
2026-06-01,I4CANO,Canoas,11009.5,0.0,0.0
2026-06-01,I4CARA,Caravela,742.0,0.0,0.0
2026-06-01,I4COEH,Coelhos II,838.5,0.0,0.0
2026-06-01,I4COEL,Coelhos III,720.0,0.0,0.0
2026-06-01,I4COEO,Coelhos IV,720.0,0.0,0.0
2026-06-01,I4COES,Coelhos I,724.0,0.0,0.0
2026-06-01,I4EDRC,Edr Construções,0.0,0.0,
2026-06-01,I4FER2,Ferreira Costa João Pessoa,253.0,0.0,0.0
2026-06-01,I4FERR,Ferreira Costa Natal,0.0,0.0,
2026-06-01,I4FILI,Filial Polpa De Frutas,0.0,0.0,
2026-06-01,I4INDU,Industrias Becker I,0.0,0.0,
2026-06-01,I4LAGO,Lagoa 2,8249.5,0.0,0.0
2026-06-01,I4MATA,Mataraca,720.0,0.0,0.0
2026-06-01,I4MIAS,Miassaba II,2815.5,0.0,0.0
2026-06-01,I4MILL,Millennium,2028.5,0.0,0.0
2026-06-01,I4PARQ,Parque Eólico Cabeço Preto IV,6870.5,0.0,0.0
2026-06-01,I4PARU,Parque Eólico Cabeço Preto,7736.5,0.0,0.0
2026-06-01,I4POLA,Polpa Ideal Ii,0.0,0.0,
2026-06-01,I4POLP,Polpa Ideal I,0.0,0.0,
2026-06-01,I4PRES,Presidente,720.0,0.0,0.0
2026-06-01,I4SOLA,Solar Alto do Rodrigues,0.0,0.0,
2026-06-01,I4STEB,Sterbom Matriz,0.0,0.0,
2026-06-01,I4STER,Ster Bom Filial Casquinho,0.0,0.0,
2026-06-01,I4SUPE,Sup. Nord. Superfacil Rodov.,0.0,0.0,
2026-06-01,I4UERF,RN 15 - Rio do Fogo,7219.5,0.0,0.0
2026-06-01,I4VITO,Vitória,720.0,0.0,0.0
2026-06-01,I5ANGI,Angico I,4352.5,0.0,0.0
2026-06-01,I5BBR,Parque Eólico de Beberibe,2770.5,0.0,0.0
2026-06-01,I5DELT,Delta do Parnaíba,0.0,0.0,
2026-06-01,I5DUNA,Dunas de Paracuru,5190.0,0.0,0.0
2026-06-01,I5EOLI,Eólica Canoa Quebrada,1334.0,0.0,0.0
2026-06-01,I5FRC,Foz do Rio Choró,2933.0,0.0,0.0
2026-06-01,I5ICAR,Icaraí,2747.5,0.0,0.0
2026-06-01,I5LAGA,Lagoa 1,10822.5,0.0,0.0
2026-06-01,I5LGMO,Lagoa do Mato,498.5,0.0,0.0
2026-06-01,I5MALT,Malta,4248.5,0.0,0.0
2026-06-01,I5MEL0,Mel 02,2754.0,0.0,0.0
2026-06-01,I5MUCU,Mucuripe,0.0,0.0,
2026-06-01,I5PRU,Eólica Paracuru,4638.5,0.0,0.0
2026-06-01,I5QUIX,Quixaba,1708.5,0.0,0.0
2026-06-01,I5RIOD,Rio do Peixe I,5365.5,0.0,0.0
2026-06-01,I5RIOO,Rio do Peixe II,5227.5,0.0,0.0
2026-06-01,I5SHOP,Shopping Serra Talhada,0.0,0.0,
2026-06-01,I5TAIA,Taíba,0.0,0.0,
2026-06-01,I5TAIB,Taíba Albatroz,1248.5,0.0,0.0
2026-06-01,I5TAUA,Tauá,0.0,0.0,
2026-06-01,I5UPRJ,Eólica Praias de Parajuru,3356.5,0.0,0.0
2026-06-01,I7DELT,Delta do Parnaíba,0.0,0.0,
2026-06-01,I7LUIG,Luiz Gonzaga II,0.0,0.0,
2026-06-01,I7LUIN,Luiz Gonzaga III,0.0,0.0,
2026-06-01,I7LUIO,Luiz Gonzaga I,0.0,0.0,
2026-06-01,I7PORD,Porto do Delta,7318.5,0.0,0.0
2026-06-01,I7PORO,Porto Salgado,2377.5,0.0,0.0
2026-06-01,I7PORT,Porto das Barcas,2107.5,0.0,0.0
2026-06-01,I7PSAL,Pedra do Sal,1929.5,0.0,0.0
2026-06-01,I7SERT,Sertão 1,6079.0,0.0,0.0
2026-06-01,I7SOBA,Sobral 1,6111.0,0.0,0.0
2026-06-01,I7TESA,Testa Branca III,5001.5,0.0,0.0
2026-06-01,I7TEST,Testa Branca I,5310.0,0.0,0.0
2026-06-01,IACEIG,ILHA GRANDE,0.0,0.0,
2026-06-01,IACETB,TAIBA AGUIA,0.0,0.0,
2026-06-01,IAERA1,RIACHAO1,0.0,0.0,
2026-06-01,IAERA2,RIACHAO2,0.0,0.0,
2026-06-01,IAERA4,RIACHAO4,0.0,0.0,
2026-06-01,IAERA6,RIACHAO6,0.0,0.0,
2026-06-01,IAERA7,RIACHAO7,0.0,0.0,
2026-06-01,IAFSBA,CJ SOL SAO BASILIO,33658.0,5029.0,0.14941470081407096
2026-06-01,IAICR,CJICARAI,17555.0,1178.5,0.06713187126174879
2026-06-01,IARIA,CJRIACHAO,26726.5,1950.0,0.07296129309860999
2026-06-01,IASABA,CJESBASILIO,0.0,0.0,
2026-06-01,IASBAE,CJ EOL SAO BASILIO,81513.0,5017.5,0.0615545986529756
2026-06-01,IATBA,CJTAIBA,9121.5,537.0,0.05887189606972537
2026-06-01,IAUEAD,TAIBA ANDORINHA,0.0,0.0,
2026-06-01,IAUEBC,BOCA CORREGO,0.0,0.0,
2026-06-01,IAUECL,COLONIA,0.0,0.0,
2026-06-01,IAUEID,ICARAI 2,0.0,0.0,
2026-06-01,IAUEIU,ICARAI,0.0,0.0,
2026-06-01,IAUERB,RIBEIRAO,0.0,0.0,
2026-06-01,IDC245,CJCALANGO2,29908.0,1233.5,0.04124314564664973
2026-06-01,IDCA3,CJCALANGO3,23841.0,1381.0,0.05792542259133426
2026-06-01,IDCAL1,CJCALANGO1,18876.5,772.0,0.040897412126188644
2026-06-01,IDCJCT,CJCAETITE123,26764.5,5171.5,0.19322236544676719
2026-06-01,IGCAJ1,CONJUNTO EOLICO CAJU,175866.0,11689.0,0.06646537704843461
2026-06-01,IGCTE,CJCAETITE,25133.5,3984.0,0.15851353770863588
2026-06-01,IGPND,CJPELOURINHO,17499.0,2837.0,0.16212354991713812
2026-06-01,IGTUC,CJ TUCANO,80470.5,1766.0,0.02194593049626882
2026-06-01,IGUEDP,CJ ARACAS,51811.5,9131.0,0.1762350057419685
2026-06-01,IGUEMI,MIASSABA3,8182.0,530.5,0.06483744805670985
2026-06-01,IGUEMR,CJ MORRAO,35655.5,4730.5,0.13267237873539847
2026-06-01,IY3FIRE,CJF IRECE 138KV,22182.5,3531.0,0.15917953341598107
2026-06-01,IY4FJZD,CJF Juazeiro II 230kV,41948.0,5977.5,0.1424978544865071
2026-06-01,IYASRA,CJE GENTIO DO OURO I,124333.5,5386.0,0.043318976784213425
2026-06-01,IYBRI,CJF BRIGIDA,26707.5,3851.0,0.1441917064494992
2026-06-01,IYBST,CJF BOA SORTE,43397.5,6222.5,0.14338383547439368
2026-06-01,IYCBS,CJE CACIMBAS,23370.5,1161.0,0.04967801287948482
2026-06-01,IYJZS,CJF JUAZEIRO SOLAR,0.0,0.0,
2026-06-01,IYJZS2,CJF JUAZEIRO SOLAR 2,0.0,0.0,
2026-06-01,IYLRA,CJE LARANJEIRAS,212727.5,15694.0,0.07377513485562516
2026-06-01,IYMTD,CJF Mauriti,45501.0,6551.0,0.14397485769543528
2026-06-01,IYSDC,CJF SOL DO CERRADO,77462.5,17184.5,0.22184282717443923
2026-06-01,IYSDF,CJF SOL DO FUTURO,11227.0,1849.5,0.16473679522579496
2026-06-01,IYSPD,CJF SAO PEDRO,9643.5,3430.5,0.35573184009954895
2026-06-01,IYSVPA,CJE STA VITORIA DO PALMAR,83151.5,3210.0,0.038604234439547094
2026-06-01,IYUEXG,XANGRILA,3886.5,167.0,0.04296925254084652
2026-06-01,IYUFLS,CJF LAR DO SOL,84536.0,20887.0,0.2470781678811394
2026-06-01,IYVST1,CJF VISTA ALEGRE - JANAUBA,144730.0,33626.5,0.23233952877772404
2026-06-01,MLEMAU,MALHADINHA1,5499.0,249.5,0.04537188579741771
2026-06-01,MMCTN,CJE CAETITE NORTE,64526.5,9059.5,0.14039968075131923
2026-06-01,MMMSC,CJE MANGUE SECO,14094.5,911.5,0.06467061619780766
2026-06-01,MMRAL,CJFVRIOALTO,36424.5,5439.0,0.14932257134620927
2026-06-01,MPUEPM,P.MORGADO,0.0,0.0,
2026-06-01,MSABR,CJE AREIA BRANCA,9004.0,309.0,0.03431808085295424
2026-06-01,MSCHP1,CJCHAPADA1,78744.5,4833.5,0.06138206477912743
2026-06-01,MSEBR,CJCAETES2,34525.0,1356.5,0.03929036929761043
2026-06-01,MSFLO,CJFVFLORESTA,14725.0,2155.0,0.14634974533106962
2026-06-01,MSFSA,CJFAISA,21704.5,1187.5,0.05471215646524914
2026-06-01,MSUEAB,AREIA BRANCA,0.0,0.0,
2026-06-01,MSUEAP,S.A.PADUA,0.0,0.0,
2026-06-01,MSUEEM,EMBUACA,0.0,0.0,
2026-06-01,MSUEFC,FAISA V,0.0,0.0,
2026-06-01,MSUEFD,FAISA II,0.0,0.0,
2026-06-01,MSUEFQ,FAISA IV,0.0,0.0,
2026-06-01,MSUEFT,FAISA III,0.0,0.0,
2026-06-01,MSUEFU,FAISA I,0.0,0.0,
2026-06-01,MSUEMT,MAR TERRA,0.0,0.0,
2026-06-01,MSUESC,SAO CRISTOVAO,0.0,0.0,
2026-06-01,MSUESJ,SAP JORGE,0.0,0.0,
2026-06-01,MTQ69,CJQUINTA69,7504.5,301.0,0.04010926777266973
2026-06-01,MVCEM1,M VENTOS 1,0.0,0.0,
2026-06-01,MVCEM3,M VENTOS 3,0.0,0.0,
2026-06-01,MVCEM4,M VENTOS 4,0.0,0.0,
2026-06-01,MVCEM6,M VENTOS 6,0.0,0.0,
2026-06-01,MVCEM9,M VENTOS 9,0.0,0.0,
2026-06-01,MXFFUT,CJ FUTURA,128571.0,18691.5,0.1453788179293931
2026-06-01,NBUERF,RIO DO FOGO,0.0,0.0,
2026-06-01,NL4ETAT,CJE Tacaratu 230kV,70463.0,3530.5,0.050104310063437546
2026-06-01,NL5FGID,CJF GILBUES II 500KV,142379.5,21545.0,0.15132094156813305
2026-06-01,NLCCRI,CJE CRISTAL,37216.5,1988.5,0.05343060201792216
2026-06-01,NLCMR,CJ CUMARU,64877.5,3802.5,0.05861045817116874
2026-06-01,NLCVNT,CJCURVAVENTO,18435.5,2483.0,0.13468579642537495
2026-06-01,NLDFN,CJDELFINA,81321.5,4386.5,0.05394022490977171
2026-06-01,NLEMS2,CJ MORRO DO CHAPEU SUL II,149795.5,7361.5,0.04914366586446188
2026-06-01,NLETAT,CJ EOL TACARATU,0.0,0.0,
2026-06-01,NLFNVT,CJTACARATU,0.0,0.0,
2026-06-01,NLFTAT,CJ SOL TACARATU,456.0,58.5,0.12828947368421054
2026-06-01,NLFVD,CJ FONTE DOS VENTOS II,0.0,0.0,
2026-06-01,NLHZT,CJHORIZONTE,16953.0,4415.0,0.26042588332448535
2026-06-01,NLLDV,CJ Lagoa dos Ventos,329076.5,19053.5,0.05789991081101203
2026-06-01,NLLDV1,CJ LAGOA DOS VENTOS 1,0.0,0.0,
2026-06-01,NLLDV2,CJ LAGOA DOS VENTOS 2,0.0,0.0,
2026-06-01,NLLDV3,CJ LAGOA DOS VENTOS 3,0.0,0.0,
2026-06-01,NLMCS,CJ MORRO DO CHAPEU SUL,71905.5,4145.0,0.05764510364297585
2026-06-01,NLMODL,CJMODELO,15401.0,1159.0,0.07525485358093631
2026-06-01,NLOUR,CJ OUROLANDIA II,222887.5,11412.0,0.05120071785093377
2026-06-01,NLSEAZ,CJSERRAAZUL,31264.5,1523.5,0.04872938956324266
2026-06-01,NLSGO,CJSAOGONCALO,0.0,0.0,
2026-06-01,NLSGOA,CJ SAO GONCALO A,0.0,0.0,
2026-06-01,NLTBV,CJFVITUVERAVA,42301.5,11115.0,0.2627566398354668
2026-06-01,NLUECR,CRISTAL,0.0,0.0,
2026-06-01,NLUEJO,JOANA,0.0,0.0,
2026-06-01,NLUEMD,MODELO II,0.0,0.0,
2026-06-01,NLUEMI,EMILIANA,0.0,0.0,
2026-06-01,NLUEMP,MODELO I,0.0,0.0,
2026-06-01,NLUEPF,PAU FERRO,0.0,0.0,
2026-06-01,NLUEPG,P GERONIMO,0.0,0.0,
2026-06-01,NLUEPR,PRIMAVERA,0.0,0.0,
2026-06-01,NLUESJ,S JUDAS,0.0,0.0,
2026-06-01,NLUETA,TACAICO,0.0,0.0,
2026-06-01,NLVSR,CJ VENTOS DE SAO ROQUE,300413.5,15215.0,0.05064685841348674
2026-06-01,NTMEND,CJF ACU III,84352.0,15995.5,0.18962798748103188
2026-06-01,OBQ138,CJQUINTA138,13407.5,493.0,0.03677046429237367
2026-06-01,P1SPP,CJF Bom Nome,13233.5,1939.5,0.1465598670041939
2026-06-01,PFCAL,CJ CALCARIO,17523.5,2471.0,0.14101064285102863
2026-06-01,PPUEPP,P.PARAJURU,0.0,0.0,
2026-06-01,PUUEPU,PARACURU,0.0,0.0,
2026-06-01,RCUERC,F.R.CHORO,0.0,0.0,
2026-06-01,RFMNR,CJ MONTE DO RONCA,59989.5,4306.5,0.0717875628234941
2026-06-01,RGCABC,CJCAETITE A,19335.0,3444.0,0.17812257564003103
2026-06-01,RGITRU,CJITAREMA V,33469.5,1759.0,0.05255531155230882
2026-06-01,S1FMRG,CJF Marangatu,62932.0,8983.5,0.14274931672281194
2026-06-01,S1PTN,CJF Banabuiu,43799.5,6814.0,0.15557255219808444
2026-06-01,S34FICO,CJF Ico 230 kV,32813.0,4817.0,0.14680157254746595
2026-06-01,S3AFB,CJ AFONSO BEZERRA,34749.5,2075.0,0.05971308939696974
2026-06-01,S3FSEM,CJ UFV SERRA DO MATO,18401.5,2643.5,0.1436567671113768
2026-06-01,S3SEM,CJ SERRA DO MATO,17090.5,944.0,0.055235364676282143
2026-06-01,S3SERA,CJ SERROTE A,30390.0,1553.5,0.051118789075353735
2026-06-01,SCPCEO,PC EOLICAS,0.0,0.0,
2026-06-01,SCPCSL,PC SOLAR,0.0,0.0,
2026-06-01,SGDLT,CJDELTA3,79575.0,4412.0,0.05544454916745209
2026-06-01,SSARI,CJ ARIZONA,99533.5,5066.0,0.05089743654146594
2026-06-01,SSSESE,CJPBRANCA,80636.0,4041.0,0.050114092960960366
2026-06-01,SSUE7G,Sete Gameleira,0.0,0.0,
2026-06-01,SSUEPB,Pedra Branca,0.0,0.0,
2026-06-01,SSUESP,S Pedro Lago,0.0,0.0,
2026-06-01,SWCVDB,CJVDABAHIA,0.0,0.0,
2026-06-01,T1SODA,CJF TACAIMBO,22405.0,3199.5,0.14280294577103325
2026-06-01,UVSMG,CJSMIGUEL,19699.0,1282.0,0.06507944565713995
2026-06-01,UVUE12,UVENTOS 12,0.0,0.0,
2026-06-01,UVUE13,UVENTOS 13,0.0,0.0,
2026-06-01,UVUE14,UVENTOS 14,0.0,0.0,
2026-06-01,UVUEV1,UVENTOS 1,0.0,0.0,
2026-06-01,UVUEV2,UVENTOS 2,0.0,0.0,
2026-06-01,UVUEV3,UVENTOS 3,0.0,0.0,
2026-06-01,UVUEV4,UVENTOS 4,0.0,0.0,
2026-06-01,UVUEV5,UVENTOS 5,0.0,0.0,
2026-06-01,UVUEV6,UVENTOS 6,0.0,0.0,
2026-06-01,UVUEV7,UVENTOS 7,0.0,0.0,
2026-06-01,UVUEV8,UVENTOS 8,0.0,0.0,
2026-06-01,UVUEV9,UVENTOS 9,0.0,0.0,
2026-06-01,UVUEVX,UVENTOS 10,0.0,0.0,
2026-06-01,UVUVNT,CJUVENTOS,57416.5,4225.0,0.073585119260143
2026-06-01,VIANE,CJ ANEMUS,38872.5,1512.5,0.03890925461444466
2026-06-01,VIARP,CJE CURRAL NOVO PIAUI II 500KV,190486.5,8741.5,0.04589039118257724
2026-06-01,VICSDS,CJ SERRA DO SERIDO,180411.0,12402.0,0.06874303673279346
2026-06-01,VIECAD,CARCARA 2,0.0,0.0,
2026-06-01,VIECAU,CARCARA 1,0.0,0.0,
2026-06-01,VIETER,TERRAL,0.0,0.0,
2026-06-01,VIFLA,CJ FOLHA LARGA,145226.5,7420.5,0.05109604652043532
2026-06-01,VINHZ,CJE Novo Horizonte,122750.0,11581.5,0.09435030549898167
2026-06-01,VIPARN,CJPARANATAMA,57083.5,2537.5,0.044452424956423486
2026-06-01,VISDB,CJ SERRA DA BABILONIA,122933.0,6232.5,0.05069834788055282
2026-06-01,VISLDF5,CJ UFV Santa Luzia,32662.5,5369.5,0.1643934175277459
2026-06-01,VISPC,CJF SIMPLICE,20267.5,2862.5,0.14123596891575182
2026-06-01,VISSD,CJ SOL DO SERTAO,86194.0,22366.0,0.2594844188690628
2026-06-01,VISSDB,CJF SERRA BABILONIA,24880.0,4192.5,0.1685088424437299
2026-06-01,VISVT,CJ VT São Vitor,168906.0,13711.0,0.08117532828910755
2026-06-01,VITSN,CJ TERRA SANTA,23005.0,1469.5,0.06387741795261899
2026-06-01,VIVB2,CJVDABAHIA2,0.0,0.0,
2026-06-01,VIVB3,CJ VENTOS DA BAHIA III,0.0,0.0,
2026-06-01,VIVBA,CJE VENTOS DA BAHIA,100331.5,5494.0,0.05475847565320961
2026-06-01,VL4EMSD,CJE Mossoró II 230kV,78863.0,2860.5,0.03627176242344319
2026-06-01,VL5ESMA,CJ Serra do Mel A,141446.5,6362.5,0.04498167151537861
2026-06-01,VLAB2,CJ ABAIARA 230 KV,34389.0,4944.5,0.1437814417400913
2026-06-01,VLAMZ,CJAMAZONAS,0.0,0.0,
2026-06-01,VLAPA,CJF Jaguaruana II,33899.0,5093.5,0.15025516976901973
2026-06-01,VLARN,CJF Arinos 2,217773.5,38833.5,0.17832059456269933
2026-06-01,VLCAN,CJ CANUDOS I,30462.0,1189.5,0.039048650778018515
2026-06-01,VLCARC,CJCARCARA2,0.0,0.0,
2026-06-01,VLCFVB,CJF Barro Alto 230kV,72113.0,10463.0,0.1450917310332395
2026-06-01,VLCNB,CJCARNAUBAS,30051.0,1498.0,0.049848590729093874
2026-06-01,VLDRC,CJF DRACO,91480.5,15817.0,0.17290023556932899
2026-06-01,VLFIG,CJ FILGUEIRA,0.0,0.0,
2026-06-01,VLKW2W,CJE KAIROS,12910.0,629.0,0.04872192099147947
2026-06-01,VLMNV,CJ MUNDO NOVO,38533.5,2025.0,0.052551675814550974
2026-06-01,VLSDMA,CJ SR DO MEL A  ANT,0.0,0.0,
2026-06-01,VLSDMC,CJ SERRA DO MEL C,85067.5,11773.0,0.13839597966320863
2026-06-01,VLSM2A,CJ SERRA DO MEL II A,0.0,0.0,
2026-06-01,VRUEVR,VOLTA RIO,0.0,0.0,
2026-06-01,VS5FRGV,CJF R. Gonçalves 500kV,40011.5,5659.5,0.14144683403521488
2026-06-01,VSBJL,CJFOTOBJL,7424.5,2724.0,0.3668933934945114
2026-06-01,VSCIR,CJ UFV Ciranda,41927.0,6205.5,0.14800725069764115
2026-06-01,VSJAN,CJ JANDAIA,18061.0,812.0,0.0449587508997287
2026-06-01,VSLAV,CJ Lavras,32103.0,5119.5,0.15947107746939537
2026-06-01,VUARX,CJ ARAXA,15419.0,2417.0,0.15675465334976327
2026-06-01,VUJAI3,CJF Jaiba 138 kV,18894.5,2718.0,0.14385138532377148
2026-06-01,VUPED,CJ PEDRANOPOLIS,13091.5,2157.0,0.16476339609670396
2026-07-01,3N4EPND,CJEPindaí II 230kV,42247.0,2885.0,0.0682888725826686
2026-07-01,3N5EIGT,CJE IGAPORÃ III 500 kV,67208.0,5101.0,0.07589870253541245
2026-07-01,3NABD,CJ Abil II,0.0,0.0,
2026-07-01,3NABL,CJ Abil I,0.0,0.0,
2026-07-01,3NFDS,CJ Folha da Serra,0.0,0.0,
2026-07-01,3NQUN,CJ Quina,0.0,0.0,
2026-07-01,3NTBD,CJ TAMBORIL II,17288.0,1532.5,0.08864530310041648
2026-07-01,3NTBR,CJ Tamboril I,0.0,0.0,
2026-07-01,3RCEBF,BAIXAFEIJAO,51831.0,5176.0,0.09986301634157164
2026-07-01,3REMVD,CJ MONTE VERDE,188466.0,21712.0,0.11520380333853321
2026-07-01,3RMVS,CJ Monte Verde Solar,34552.5,8817.0,0.2551769047102236
2026-07-01,3RPB,CJ PEREIRA BARRETO,74191.0,16642.5,0.22431966141445728
2026-07-01,3RUECI,CIDREIRA,13434.5,907.5,0.06754996464326919
2026-07-01,A1BRAM,Brametal,0.0,0.0,
2026-07-01,A1DALL,Dallas Mineracao,0.0,0.0,
2026-07-01,A1GRAA,Gramazini Cdi,0.0,0.0,
2026-07-01,A1GRAM,Gramazini Solar Park,0.0,0.0,
2026-07-01,A1KINK,Kinka Regis,0.0,0.0,
2026-07-01,A1MAQS,Maqstone,0.0,0.0,
2026-07-01,A1MILA,Milanezi 1,0.0,0.0,
2026-07-01,A1NICC,Nicchio Sobrinho,0.0,0.0,
2026-07-01,A1ZUCC,Zucchi,0.0,0.0,
2026-07-01,A2CENR,CENTRAL MINEIRAO,0.0,0.0,
2026-07-01,A2FCR,FCR III Itapuranga,1293.0,0.0,0.0
2026-07-01,A2GUIA,GUIMARANIA 2,6867.5,0.0,0.0
2026-07-01,A2GUIM,GUIMARANIA 1,6839.5,0.0,0.0
2026-07-01,A2ITA1,Ita 01,559.5,0.0,0.0
2026-07-01,A2ITA2,Ita 02,512.0,0.0,0.0
2026-07-01,A3UEGG,Gargaú,4478.5,0.0,0.0
2026-07-01,A4ELGI,Elgin Mogi Das Cruzes,0.0,0.0,
2026-07-01,A4MARV,Marvi Solar,0.0,0.0,
2026-07-01,A4MINE,Mineradora Jp Ii,0.0,0.0,
2026-07-01,A4REDE,Rede Zeferino S. J. Boa Vista,0.0,0.0,
2026-07-01,A4REDZ,Rede Zeferino Itapira,0.0,0.0,
2026-07-01,A4TANQ,TANQUINHO,0.0,0.0,
2026-07-01,A4ZODI,Zodiac Produtos Farmacêuticos,0.0,0.0,
2026-07-01,A5BRSU,Brisas Suaves,935.5,0.0,0.0
2026-07-01,ADUEAD,CJAGUADOCE,33331.5,2892.5,0.08677977288750881
2026-07-01,AFJDT,CJ Jandaira III,24170.0,2884.5,0.11934215970211005
2026-07-01,AFPTM,CJ PITOMBEIRA,24064.5,1650.0,0.06856572960169545
2026-07-01,AFUPTM,UFV PITOMBEIRA,9587.0,2299.5,0.23985605507458016
2026-07-01,AGACA,CONJUNTO EOLICO ACAUA,41905.0,3389.0,0.08087340412838563
2026-07-01,AGFFDM,FLOR DE MANDACARU,167.0,36.0,0.2155688622754491
2026-07-01,AGSTI,CJSINACIO,41603.5,2324.5,0.055872703017774944
2026-07-01,ALUEA1,ALEGRIA,6201.5,748.0,0.12061598000483754
2026-07-01,ALUEA2,ALEGRIA 2,10472.5,1232.0,0.1176414418715684
2026-07-01,ARBJU,CJFVBJESUS,12368.0,3059.0,0.24733182406209572
2026-07-01,ARCRL,CJCRISTALANDIA,25704.5,1558.0,0.060611955105137234
2026-07-01,ARJCAT,CJE RENASCENCA V,20280.5,1943.5,0.09583097063681861
2026-07-01,ARLAP,CJFVLAPA,12445.0,3036.0,0.243953394937726
2026-07-01,ARMRRI,CJCFORMOSO,61812.0,4215.5,0.06819873163786967
2026-07-01,ARNVO,CJF NOVA OLINDA,47724.0,11739.0,0.2459768669851647
2026-07-01,ARUEER,EURUS II,0.0,0.0,
2026-07-01,ARUERN,RENASCENCA5,0.0,0.0,
2026-07-01,ATMRO2,CJMARMELEIRO2,67422.0,4755.0,0.07052594108747887
2026-07-01,AU4ECNP,CJE CURRAL NOVO PIAUI II 230KV,442033.5,38182.5,0.08637919976653353
2026-07-01,AUAR3,CJARARIPE3,0.0,0.0,
2026-07-01,AUCPH,CJCHAPADINHA,0.0,0.0,
2026-07-01,AUSDJ,CJ JAIBA V,97163.0,21659.5,0.22291921822092772
2026-07-01,AUSDP1,UFV SOL DO PIAUI,8117.5,1926.0,0.2372651678472436
2026-07-01,AUVDP2,CJ VENTOS DO PIAUI 2,0.0,0.0,
2026-07-01,AUVDP3,CJ VENTOS DO PIAUI III,0.0,0.0,
2026-07-01,B3FSA,CJ FRANCISCO SA,18358.0,4230.5,0.23044449286414642
2026-07-01,B3UJAI,CJF JAIBA,26258.0,6055.0,0.23059638967171908
2026-07-01,BB4EOUR,CJE Ourolândia II 230kV,0.0,0.0,
2026-07-01,BBASO,CJF ASSU SOL 500 kV,142132.0,35596.0,0.2504432499366786
2026-07-01,BBASSV,UFV ASSU V,5739.0,1468.0,0.25579369228088517
2026-07-01,BBCLA,CJE CAMPO LARGO ANTIGO,0.0,0.0,
2026-07-01,BBCLA2,CJE CAMPO LARGO 2,0.0,0.0,
2026-07-01,BBE4CLA,CJE CAMPO LARGO,261099.0,15583.5,0.059684257695356936
2026-07-01,BBSAG,CJE Santo Agostinho,108285.5,11609.5,0.10721195358566013
2026-07-01,BBSAR,CJE SERRA DO ASSURUA,300328.5,18627.5,0.0620237506596943
2026-07-01,BBSSB,CJF SERTAO SOLAR BARREIRAS,20480.0,4927.5,0.2406005859375
2026-07-01,BBTRA,CJE TRAIRI,49690.5,5119.5,0.10302774172125456
2026-07-01,BBUBN,CJE UMBURANAS,146480.0,8192.5,0.0559291370835609
2026-07-01,BBUEBB,BEBERIBE,0.0,0.0,
2026-07-01,BBUEFL,FLEXEIRAS,0.0,0.0,
2026-07-01,BBUEGU,GUAJIRU,0.0,0.0,
2026-07-01,BBUEMU,MUNDAU,0.0,0.0,
2026-07-01,BBUEPS,PEDRA SAL,0.0,0.0,
2026-07-01,BBUETR,TRAIRI,0.0,0.0,
2026-07-01,BBUFPU,CJF PARACATU,69046.5,15942.0,0.23088787990701917
2026-07-01,BEJAN,CJ JANAUBA,254361.0,58334.5,0.22933743773613094
2026-07-01,BFCGPN,CJPLANALTINA,0.0,0.0,
2026-07-01,BFCSER,CJ OESTE SERIDO,112205.5,13699.5,0.12209294553297298
2026-07-01,BFIGGU,CJGUIRAPA,0.0,0.0,
2026-07-01,BFIGLA,CJLALMEIDA,0.0,0.0,
2026-07-01,BFIGNC,CJNSCONCEICAO,0.0,0.0,
2026-07-01,BFIGP,CJ IGAPORA,113548.5,8337.5,0.0734267735813331
2026-07-01,BFRENS,CJE RENASCENCA,48153.5,4666.5,0.0969088435939236
2026-07-01,BFUFAL,CJ ALEX,56663.0,12987.0,0.22919718334715775
2026-07-01,BIAUD,CJE ACARAU II,13297.5,1497.5,0.11261515322429028
2026-07-01,BICEAD,CJPAPAGAIO,8818.0,1092.5,0.12389430709911545
2026-07-01,BIUEBU,BURITI,0.0,0.0,
2026-07-01,BIUECO,COQUEIROS,0.0,0.0,
2026-07-01,BJUEBJ,CJBOMJARDIM,22253.5,1846.5,0.08297571168580223
2026-07-01,BLUEM1,MSECO1,0.0,0.0,
2026-07-01,BLUEM2,MSECO2,0.0,0.0,
2026-07-01,BLUEM3,MSECO3,0.0,0.0,
2026-07-01,BLUEM5,MSECO5,0.0,0.0,
2026-07-01,BWUERT,REI VENTOS 3,8692.5,1042.0,0.11987345412712108
2026-07-01,BWUERU,REI VENTOS 1,7900.0,968.5,0.12259493670886076
2026-07-01,C0BELM,Conjunto solar Belmonte,91531.0,20756.5,0.22677016529918825
2026-07-01,C0LINS,CFV Lins,32474.5,7833.0,0.24120463748479576
2026-07-01,C1SJP,FVSJP,39333.5,9621.0,0.24460065847178614
2026-07-01,CFCEAT,CJATLANTICA,25754.5,1678.5,0.06517307654972918
2026-07-01,CHCND,CJE CASA NOVA II,23516.0,1518.0,0.06455179452287804
2026-07-01,CHGPX,CJE GPEXPAN,30208.5,1784.0,0.05905622589668471
2026-07-01,CLARD,CJARACATI2,28438.5,1712.5,0.06021766267559822
2026-07-01,CLBSUL,CJEBLOCOSUL,53110.0,5081.0,0.09566936546789682
2026-07-01,CLCECV,CJCAMPOVENTOS,31846.0,3027.5,0.09506688438108396
2026-07-01,CLCEE1,EURUS I,0.0,0.0,
2026-07-01,CLCEE3,EURUS III,0.0,0.0,
2026-07-01,CLCHE,CJ P CHEIROSA,9269.0,1248.5,0.13469629949293344
2026-07-01,CLECBR,C.BRANCA,0.0,0.0,
2026-07-01,CLECV2,C.VENTOS 2,0.0,0.0,
2026-07-01,CLEJUR,JUREMA,0.0,0.0,
2026-07-01,CLEMAC,MACACOS,0.0,0.0,
2026-07-01,CLEPEP,PEDRA PRETA,0.0,0.0,
2026-07-01,CLGAM,CJ GAMELEIRA,24549.5,2356.0,0.09596936801156847
2026-07-01,CLJCCP,CJMACACOS,23251.0,2116.0,0.09100683841555202
2026-07-01,CLJCDV,CJE MORRO DOS VENTOS II,32867.0,3351.0,0.10195636961085587
2026-07-01,CLMVNT,CJE MORRO DOS VENTOS,45637.5,5567.0,0.12198301835113667
2026-07-01,CLSCLA,CJSCLARA,35055.0,4205.5,0.11996862073883897
2026-07-01,CLUEBV,B.VENTOS,0.0,0.0,
2026-07-01,CLUEC1,S CLARA I,0.0,0.0,
2026-07-01,CLUEC2,S CLARA II,0.0,0.0,
2026-07-01,CLUEC3,S CLARA III,0.0,0.0,
2026-07-01,CLUEC4,S CLARA IV,0.0,0.0,
2026-07-01,CLUEC5,S CLARA V,0.0,0.0,
2026-07-01,CLUEC6,S CLARA VI,0.0,0.0,
2026-07-01,CLUECQ,C.QUEBRADA,0.0,0.0,
2026-07-01,CLUEEN,ENACEL,0.0,0.0,
2026-07-01,CLUEFO,FORMOSA,14724.0,1698.0,0.11532192339038305
2026-07-01,CLUEIC,ICARAIZINHO,11110.5,1269.0,0.11421628189550426
2026-07-01,CLUER6,EURUS VI,0.0,0.0,
2026-07-01,CMJSNU,CJF Três Marias,8712.0,1872.5,0.21493342516069788
2026-07-01,CN4FRSD,CJF Russas II 230 kV,27044.0,6236.5,0.23060567963319037
2026-07-01,CNLBI,CJ LAGOA DO BARRO I,126448.5,9980.0,0.07892541232201251
2026-07-01,CNTQN,CJ TANQUE NOVO,55480.0,3023.5,0.0544971160778659
2026-07-01,CQAVD,CJ Aventura II,46739.0,5032.5,0.10767239350435397
2026-07-01,CQCUT,CJ CUTIA,83192.0,8044.0,0.09669198961438599
2026-07-01,CQEAB1,A BRANCA I,0.0,0.0,
2026-07-01,CQEAB2,A BRANCA II,0.0,0.0,
2026-07-01,CQEAB3,A BRANCA III,0.0,0.0,
2026-07-01,CQEEU4,EURUS IV,0.0,0.0,
2026-07-01,CQESHE,S HELENA,0.0,0.0,
2026-07-01,CQESMA,S MARIA,0.0,0.0,
2026-07-01,CQESUR,VS URIEL,0.0,0.0,
2026-07-01,CQJCCO,CJBPOTIGUAR1,53245.0,4755.0,0.08930416001502489
2026-07-01,CQJDA,CJ JANDAIRA I,33163.5,3963.0,0.11949884662354697
2026-07-01,CQSMN,CJ SANTA ROSA MUNDO NOVO,50851.5,4023.0,0.0791127105395121
2026-07-01,CRUEGG,GARGAU,0.0,0.0,
2026-07-01,CV4FBBC,CJF BABILONIA CENTRO,26207.5,5151.0,0.1965467900410188
2026-07-01,CV4FBBS,CJF Babilonia Sul,11507.0,2317.5,0.20139914834448597
2026-07-01,CV5ETGS,CJE SERRA DO TIGRE,224689.0,27944.0,0.12436745902113588
2026-07-01,CVBBC,CJE BABILONIA CENTRO,209078.0,12908.5,0.061740116128908826
2026-07-01,CVBBS,CJ BABILONIA SUL,141620.0,8761.0,0.061862731252647934
2026-07-01,CVFLS,CJ FOLHA LARGA SUL,61790.0,4354.0,0.07046447645250041
2026-07-01,CVRDV,CJ RIO DO VENTO,213986.0,20220.5,0.09449449964016338
2026-07-01,CVRVE,CJ Rio do Vento Exp,224532.5,20326.5,0.09052809726876955
2026-07-01,CVUMR,CJ UMARI,82859.5,5960.5,0.07193502253815193
2026-07-01,CYBAB,CJ BABILONIA,52299.5,3135.5,0.05995277201502883
2026-07-01,D2EOLI,Eólio - Elétrica de Palmas,141.0,0.0,0.0
2026-07-01,D2PORM,Pormade,0.0,0.0,
2026-07-01,D3APEK,Ape Kiformaggio,0.0,0.0,
2026-07-01,D3APES,Ape Ksd Metais,0.0,0.0,
2026-07-01,D3CAXI,Caxiense,0.0,0.0,
2026-07-01,D3COOP,Coopermaçã,0.0,0.0,
2026-07-01,D3DACO,Dacolonia,0.0,0.0,
2026-07-01,D3FAZD,Fazenda Rosário 3,3011.5,0.0,0.0
2026-07-01,D3FAZE,Fazenda Rosário,1688.5,0.0,0.0
2026-07-01,D3FAZN,Fazenda Rosário 2,4412.5,0.0,0.0
2026-07-01,D3MADE,Madesa,0.0,0.0,
2026-07-01,D3MERC,Mercur Solar,0.0,0.0,
2026-07-01,D3PALO,Palotti Ape,0.0,0.0,
2026-07-01,D3PARQ,Parque Eólico de Palmares,1762.5,0.0,0.0
2026-07-01,D4EOLI,Eólica Água Doce,1573.5,0.0,0.0
2026-07-01,D4ESTU,Estrutural Zortea,0.0,0.0,
2026-07-01,D4HBRE,H Bremer & Filhos,0.0,0.0,
2026-07-01,D4INTE,Intelbras,0.0,0.0,
2026-07-01,D4LAIR,Laire Ind. de Emb. Plásticas,0.0,0.0,
2026-07-01,D4LAMI,Laminados Mocelin,0.0,0.0,
2026-07-01,D4MEGA,MEGAWATT SOLAR,0.0,0.0,
2026-07-01,D4NOVA,Nova Aurora,0.0,0.0,
2026-07-01,D4PARQ,Parque Eólico do Horizonte,24.0,0.0,0.0
2026-07-01,D4TUBR,Tubarão P&D 2,0.0,0.0,
2026-07-01,D4VENT,Vento Meridional Oeste I,0.0,0.0,
2026-07-01,D5MOGA,Mogano Energia,0.0,0.0,
2026-07-01,D5MOVE,Moveis Paulo,0.0,0.0,
2026-07-01,D5TUBA,Tubarão P&D,0.0,0.0,
2026-07-01,DSBMC,CJE BROTAS DE MACAUBAS,70759.0,3845.0,0.054339377323026045
2026-07-01,DSJER,CJ JERUSALEM,91586.0,11930.0,0.13026008341886314
2026-07-01,DSMRRC,CJF Serrita,8829.0,1872.5,0.21208517385887415
2026-07-01,DSUENH,N.HORIZONTE,0.0,0.0,
2026-07-01,DSUESE,SEABRA,0.0,0.0,
2026-07-01,DSVSE,CJ SANTA EUGENIA,177239.0,10503.0,0.05925896670597329
2026-07-01,EFEVDI,VENTOS INDIOS,0.0,0.0,
2026-07-01,EFEVSI,VENTOS LITORAL,0.0,0.0,
2026-07-01,EFEVSO,VENTOS SUL,0.0,0.0,
2026-07-01,EFEVSS,VENTOS LAGOA,0.0,0.0,
2026-07-01,EFLBA,CJLBARROS,50744.0,3732.0,0.07354564086394451
2026-07-01,EIVIA3,CJVIAMAO3,11329.0,848.0,0.07485214935122253
2026-07-01,EJCPIR,CJPIRAPORA 2,63469.5,14229.5,0.22419429804866906
2026-07-01,EJCST3,CJ CASTILHO,23184.5,4483.0,0.1933619444025103
2026-07-01,EJPR4,CJF PARACATU 4 500KV,118674.5,26225.5,0.2209868168814699
2026-07-01,EJSDA1,CJE SERRA DAS ALMAS II 500 kV,91361.0,5618.5,0.06149779446372084
2026-07-01,EJUFD,CJDRACENA,10854.5,2603.5,0.23985443825141647
2026-07-01,EJVZP,CJF Varzea da Palma 7,20056.0,4517.0,0.22521938571998404
2026-07-01,EJVZPQ,CJ Helio Valgas,104789.5,24239.0,0.23131134321663907
2026-07-01,EQ2ESSA,CJE SERRA DE SANTANA,74104.5,6500.5,0.0877207187147879
2026-07-01,EQ5ESMB,CJ SERRA DO MEL B,173069.5,10005.5,0.05781203504950323
2026-07-01,EQBRD,CJF BARREIRAS II 500KV,83158.0,20294.5,0.24404747588927103
2026-07-01,EQRG3,CJF Ribeiro Gonçalves,49454.5,11153.0,0.22552042786804033
2026-07-01,EQSDMB,CJ SERRA DO MEL B ANT,0.0,0.0,
2026-07-01,EQSM2B,CJ SERRA DO MEL II B,0.0,0.0,
2026-07-01,EQSNT3,CJSSANTANA3,0.0,0.0,
2026-07-01,EQSRO,CJSROSALIA,45468.5,4261.0,0.09371323003837821
2026-07-01,EQST12,CJSSANTANA12,0.0,0.0,
2026-07-01,EQVCLE,CJSCLEMENTE,53154.0,3450.5,0.06491515219927005
2026-07-01,ESCNG,CJE LIVRAMENTO 3,79556.5,5270.0,0.06624223036458365
2026-07-01,ESECC1,C.CHATO1,0.0,0.0,
2026-07-01,ESECC2,C.CHATO2,0.0,0.0,
2026-07-01,ESECC3,C.CHATO3,0.0,0.0,
2026-07-01,ESECC4,CJE CERRO CHATO,42390.5,3078.5,0.07262240360458122
2026-07-01,F2JOFE,Jofege Mineracao,0.0,0.0,
2026-07-01,F2PERA,Perola Br 060,0.0,0.0,
2026-07-01,F2PERL,Perola Av Comercial,0.0,0.0,
2026-07-01,F2PERO,Perola Av Brasil,0.0,0.0,
2026-07-01,F2PERR,Perola Rua Luziania,0.0,0.0,
2026-07-01,F3DVMS,Dvm Solar I,0.0,0.0,
2026-07-01,F4COPA,Copacel,0.0,0.0,
2026-07-01,F4DUAL,Dual Cnp,0.0,0.0,
2026-07-01,F4DUAP,Dual Pp,0.0,0.0,
2026-07-01,F4FAZN,FAZENDA SOLAR,0.0,0.0,
2026-07-01,F6KAPA,Kapa Zero,4.0,0.0,0.0
2026-07-01,F7SOLM,SOL MAIOR,1023.0,0.0,0.0
2026-07-01,FBCHN,CJ CHAFARIZ NORTE,48382.0,5911.0,0.12217353561241784
2026-07-01,FBCHS,CJ CHAFARIZ SUL I,34734.5,4113.0,0.11841252932962905
2026-07-01,FBCHSD,CHAFARIZ SUL II,40101.5,4795.5,0.1195840554592721
2026-07-01,FBLZA,CJ Luzia,18332.5,4636.5,0.2529114959770899
2026-07-01,FBOIT,CJ Oitis,207269.0,16131.5,0.07782881183389702
2026-07-01,GEDREN,CJOLHOdAGUA,19658.0,1893.5,0.09632210804761421
2026-07-01,GEECVA,CTV_ACARAU_I,1776.5,217.5,0.12243174781874472
2026-07-01,GEEPR1,RENASCENCA1,0.0,0.0,
2026-07-01,GEEPR2,RENASCENCA2,0.0,0.0,
2026-07-01,GEEPR3,RENASCENCA3,0.0,0.0,
2026-07-01,GEEPR4,RENASCENCA4,0.0,0.0,
2026-07-01,GEEVSM,VSMIGUEL,0.0,0.0,
2026-07-01,GEUEBV,BOA VISTA,0.0,0.0,
2026-07-01,GEUEFA,FAROL,0.0,0.0,
2026-07-01,GEUEOD,OLHO DAGUA,0.0,0.0,
2026-07-01,GEUESB,S BENTO N,0.0,0.0,
2026-07-01,GEWND1,CJBWGUIRAPA1,31410.5,2274.5,0.07241209149806593
2026-07-01,GEWND2,CJBWGUIRAPA2,29599.5,2093.0,0.07071065389618068
2026-07-01,GLCHP2,CJCHAPADA2,88357.0,9506.5,0.10759192820036896
2026-07-01,GLCHP3,CJCHAPADA3,96859.5,10364.5,0.10700550797805068
2026-07-01,GLEAB4,A.BRANCA 4,0.0,0.0,
2026-07-01,GLEAB5,A.BRANCA 5,0.0,0.0,
2026-07-01,GLEAB6,A.BRANCA 6,0.0,0.0,
2026-07-01,GLEAB7,A.BRANCA 7,0.0,0.0,
2026-07-01,GLEAB8,A.BRANCA 8,0.0,0.0,
2026-07-01,GLJCAB,CJE ASA BRANCA,36438.0,3608.0,0.09901750919369888
2026-07-01,GSCPD,CJCABPRETO2,49260.5,4471.0,0.09076237553415008
2026-07-01,GTCUFG,CJGUAIMBE,20801.5,5247.5,0.25226546162536356
2026-07-01,GTUFBH,CJBOAHORA,27779.0,6424.5,0.23127182403974225
2026-07-01,I1BOND,Bonde Mais I,0.0,0.0,
2026-07-01,I1CITE,CITEPE,0.0,0.0,
2026-07-01,I1FAZE,Fazenda Esmeralda,4051.0,0.0,0.0
2026-07-01,I1FEDE,Federal,0.0,0.0,
2026-07-01,I1FERR,Ferreira Costa Caruaru,0.0,0.0,
2026-07-01,I1GRVT,Gravatá Fruitrade,1643.0,0.0,0.0
2026-07-01,I1IPLA,Iplac Industria,0.0,0.0,
2026-07-01,I1MAND,Mandacaru,1394.5,0.0,0.0
2026-07-01,I1MARA,Maravilhas I,0.0,0.0,
2026-07-01,I1MARV,Maravilhas II,0.0,0.0,
2026-07-01,I1MODA,Moda Center,0.0,0.0,
2026-07-01,I1OURB,Ouro Branco 2,14393.5,0.0,0.0
2026-07-01,I1OURO,Ouro Branco 1,14152.5,0.0,0.0
2026-07-01,I1PINC,Pincéis Roma Pe,0.0,0.0,
2026-07-01,I1PIRA,Pirauá,1447.5,0.0,0.0
2026-07-01,I1QUAT,Quatro Ventos,9839.0,0.0,0.0
2026-07-01,I1SHOP,Shopping Cidade,0.0,0.0,
2026-07-01,I1SNTM,Santa Maria,1343.0,0.0,0.0
2026-07-01,I1SOLA,Solar Salgueiro,6163.0,0.0,0.0
2026-07-01,I1SOLR,Solar Salgueiro II,6328.0,0.0,0.0
2026-07-01,I1VENO,Venosan,0.0,0.0,
2026-07-01,I1XAVA,Xavante,1301.5,0.0,0.0
2026-07-01,I2AERO,Aeroporto De Salvador,0.0,0.0,
2026-07-01,I2BARR,Barra dos Coqueiros,6665.0,0.0,0.0
2026-07-01,I2FERR,Ferreira Costa Aracaju,0.0,0.0,
2026-07-01,I3ASSU,Assuruá,4461.5,0.0,0.0
2026-07-01,I3EVB2,Ventos da Bahia II,12318.5,0.0,0.0
2026-07-01,I3EVB4,Ventos da Bahia IV,5298.0,0.0,0.0
2026-07-01,I3EVB8,Ventos da Bahia VIII,11899.5,0.0,0.0
2026-07-01,I3PDR3,Pedra do Reino III,7532.0,0.0,0.0
2026-07-01,I3PEDD,Pedra do Reino IV,9736.5,0.0,0.0
2026-07-01,I3PEDO,Pedra do Reino,11733.0,0.0,0.0
2026-07-01,I3PEDR,Pedra do Reino V,8411.0,0.0,0.0
2026-07-01,I3SOBO,Sobrado 1,5948.5,0.0,0.0
2026-07-01,I3VERD,Verde Vale III,2513.5,0.0,0.0
2026-07-01,I4ALBA,Albatroz,909.5,0.0,0.0
2026-07-01,I4ARAT,Aratuá I,3790.0,0.0,0.0
2026-07-01,I4ARIZ,Arizona 1,4026.0,0.0,0.0
2026-07-01,I4ATLA,Atlântica,789.5,0.0,0.0
2026-07-01,I4CAMU,Camurim,903.5,0.0,0.0
2026-07-01,I4CANO,Canoas,13608.0,0.0,0.0
2026-07-01,I4CARA,Caravela,884.0,0.0,0.0
2026-07-01,I4COEH,Coelhos II,1204.0,0.0,0.0
2026-07-01,I4COEL,Coelhos III,744.0,0.0,0.0
2026-07-01,I4COEO,Coelhos IV,764.0,0.0,0.0
2026-07-01,I4COES,Coelhos I,906.0,0.0,0.0
2026-07-01,I4EDRC,Edr Construções,0.0,0.0,
2026-07-01,I4FER2,Ferreira Costa João Pessoa,258.0,0.0,0.0
2026-07-01,I4FERR,Ferreira Costa Natal,0.0,0.0,
2026-07-01,I4FILI,Filial Polpa De Frutas,0.0,0.0,
2026-07-01,I4INDU,Industrias Becker I,0.0,0.0,
2026-07-01,I4LAGO,Lagoa 2,10571.0,0.0,0.0
2026-07-01,I4MATA,Mataraca,762.0,0.0,0.0
2026-07-01,I4MIAS,Miassaba II,4098.0,0.0,0.0
2026-07-01,I4MILL,Millennium,2450.0,0.0,0.0
2026-07-01,I4PARQ,Parque Eólico Cabeço Preto IV,8850.5,0.0,0.0
2026-07-01,I4PARU,Parque Eólico Cabeço Preto,9100.5,0.0,0.0
2026-07-01,I4POLA,Polpa Ideal Ii,0.0,0.0,
2026-07-01,I4POLP,Polpa Ideal I,0.0,0.0,
2026-07-01,I4PRES,Presidente,744.0,0.0,0.0
2026-07-01,I4SOLA,Solar Alto do Rodrigues,0.0,0.0,
2026-07-01,I4STEB,Sterbom Matriz,0.0,0.0,
2026-07-01,I4STER,Ster Bom Filial Casquinho,0.0,0.0,
2026-07-01,I4SUPE,Sup. Nord. Superfacil Rodov.,0.0,0.0,
2026-07-01,I4UERF,RN 15 - Rio do Fogo,5900.0,0.0,0.0
2026-07-01,I4VITO,Vitória,854.5,0.0,0.0
2026-07-01,I5ANGI,Angico I,4819.5,0.0,0.0
2026-07-01,I5BBR,Parque Eólico de Beberibe,5390.0,0.0,0.0
2026-07-01,I5DELT,Delta do Parnaíba,0.0,0.0,
2026-07-01,I5DUNA,Dunas de Paracuru,8094.5,0.0,0.0
2026-07-01,I5EOLI,Eólica Canoa Quebrada,2696.5,0.0,0.0
2026-07-01,I5FRC,Foz do Rio Choró,5523.5,0.0,0.0
2026-07-01,I5ICAR,Icaraí,4781.0,0.0,0.0
2026-07-01,I5LAGA,Lagoa 1,12601.0,0.0,0.0
2026-07-01,I5LGMO,Lagoa do Mato,937.5,0.0,0.0
2026-07-01,I5MALT,Malta,4760.0,0.0,0.0
2026-07-01,I5MEL0,Mel 02,4463.5,0.0,0.0
2026-07-01,I5MUCU,Mucuripe,0.0,0.0,
2026-07-01,I5PRU,Eólica Paracuru,6880.5,0.0,0.0
2026-07-01,I5QUIX,Quixaba,3636.5,0.0,0.0
2026-07-01,I5RIOD,Rio do Peixe I,5469.0,0.0,0.0
2026-07-01,I5RIOO,Rio do Peixe II,5467.0,0.0,0.0
2026-07-01,I5SHOP,Shopping Serra Talhada,0.0,0.0,
2026-07-01,I5TAIA,Taíba,0.0,0.0,
2026-07-01,I5TAIB,Taíba Albatroz,2504.5,0.0,0.0
2026-07-01,I5TAUA,Tauá,0.0,0.0,
2026-07-01,I5UPRJ,Eólica Praias de Parajuru,5986.5,0.0,0.0
2026-07-01,I7DELT,Delta do Parnaíba,0.0,0.0,
2026-07-01,I7LUIG,Luiz Gonzaga II,0.0,0.0,
2026-07-01,I7LUIN,Luiz Gonzaga III,0.0,0.0,
2026-07-01,I7LUIO,Luiz Gonzaga I,0.0,0.0,
2026-07-01,I7PORD,Porto do Delta,11830.0,0.0,0.0
2026-07-01,I7PORO,Porto Salgado,4200.5,0.0,0.0
2026-07-01,I7PORT,Porto das Barcas,3852.5,0.0,0.0
2026-07-01,I7PSAL,Pedra do Sal,3866.5,0.0,0.0
2026-07-01,I7SERT,Sertão 1,6323.5,0.0,0.0
2026-07-01,I7SOBA,Sobral 1,6243.0,0.0,0.0
2026-07-01,I7TESA,Testa Branca III,8022.0,0.0,0.0
2026-07-01,I7TEST,Testa Branca I,8097.5,0.0,0.0
2026-07-01,IACEIG,ILHA GRANDE,0.0,0.0,
2026-07-01,IACETB,TAIBA AGUIA,0.0,0.0,
2026-07-01,IAERA1,RIACHAO1,0.0,0.0,
2026-07-01,IAERA2,RIACHAO2,0.0,0.0,
2026-07-01,IAERA4,RIACHAO4,0.0,0.0,
2026-07-01,IAERA6,RIACHAO6,0.0,0.0,
2026-07-01,IAERA7,RIACHAO7,0.0,0.0,
2026-07-01,IAFSBA,CJ SOL SAO BASILIO,36794.0,7914.0,0.2150894167527314
2026-07-01,IAICR,CJICARAI,28344.5,3838.5,0.13542309795551166
2026-07-01,IARIA,CJRIACHAO,27258.0,3115.5,0.11429672022892362
2026-07-01,IASABA,CJESBASILIO,0.0,0.0,
2026-07-01,IASBAE,CJ EOL SAO BASILIO,76207.0,5477.5,0.07187659926253494
2026-07-01,IATBA,CJTAIBA,15058.5,1351.0,0.08971677125875752
2026-07-01,IAUEAD,TAIBA ANDORINHA,0.0,0.0,
2026-07-01,IAUEBC,BOCA CORREGO,0.0,0.0,
2026-07-01,IAUECL,COLONIA,0.0,0.0,
2026-07-01,IAUEID,ICARAI 2,0.0,0.0,
2026-07-01,IAUEIU,ICARAI,0.0,0.0,
2026-07-01,IAUERB,RIBEIRAO,0.0,0.0,
2026-07-01,IDC245,CJCALANGO2,27692.0,2447.0,0.08836487072078579
2026-07-01,IDCA3,CJCALANGO3,28524.5,2500.5,0.08766148398744938
2026-07-01,IDCAL1,CJCALANGO1,20657.5,1742.5,0.08435193029166163
2026-07-01,IDCJCT,CJCAETITE123,29452.5,2745.0,0.0932009167303285
2026-07-01,IGCAJ1,CONJUNTO EOLICO CAJU,163732.5,17454.0,0.10660070541889972
2026-07-01,IGCTE,CJCAETITE,25447.0,1893.5,0.07440955711871733
2026-07-01,IGPND,CJPELOURINHO,17324.0,1280.0,0.07388593858231356
2026-07-01,IGTUC,CJ TUCANO,83112.0,3140.5,0.0377863605736837
2026-07-01,IGUEDP,CJ ARACAS,53983.0,4346.5,0.08051608839819943
2026-07-01,IGUEMI,MIASSABA3,10027.0,1093.0,0.10900568465144111
2026-07-01,IGUEMR,CJ MORRAO,34860.0,2319.5,0.06653757888697648
2026-07-01,IY3FIRE,CJF IRECE 138KV,23857.0,5273.5,0.2210462338097833
2026-07-01,IY4FJZD,CJF Juazeiro II 230kV,46103.0,9624.0,0.20874997288679695
2026-07-01,IYASRA,CJE GENTIO DO OURO I,126188.5,6958.0,0.055139731433529994
2026-07-01,IYBRI,CJF BRIGIDA,30652.0,6964.5,0.22721192744355997
2026-07-01,IYBST,CJF BOA SORTE,44671.0,9521.5,0.2131472319849567
2026-07-01,IYCBS,CJE CACIMBAS,26336.0,2377.5,0.09027566828675578
2026-07-01,IYJZS,CJF JUAZEIRO SOLAR,0.0,0.0,
2026-07-01,IYJZS2,CJF JUAZEIRO SOLAR 2,0.0,0.0,
2026-07-01,IYLRA,CJE LARANJEIRAS,206535.5,12510.5,0.06057312181198874
2026-07-01,IYMTD,CJF Mauriti,48663.5,10329.0,0.21225353704521868
2026-07-01,IYSDC,CJF SOL DO CERRADO,81122.5,16928.5,0.20867823353570217
2026-07-01,IYSDF,CJF SOL DO FUTURO,12528.5,3086.0,0.24631839406153969
2026-07-01,IYSPD,CJF SAO PEDRO,10191.5,2412.0,0.23666781141147034
2026-07-01,IYSVPA,CJE STA VITORIA DO PALMAR,139158.0,10686.0,0.07679041089984047
2026-07-01,IYUEXG,XANGRILA,5815.5,480.0,0.0825380448800619
2026-07-01,IYUFLS,CJF LAR DO SOL,92413.0,21091.0,0.22822546611407485
2026-07-01,IYVST1,CJF VISTA ALEGRE - JANAUBA,152707.5,34471.0,0.22573220044856998
2026-07-01,MLEMAU,MALHADINHA1,6568.0,572.5,0.08716504263093788
2026-07-01,MMCTN,CJE CAETITE NORTE,65396.0,4223.5,0.06458346076212612
2026-07-01,MMMSC,CJE MANGUE SECO,17752.0,1795.5,0.10114353312302839
2026-07-01,MMRAL,CJFVRIOALTO,36481.5,8797.0,0.24113591820511765
2026-07-01,MPUEPM,P.MORGADO,0.0,0.0,
2026-07-01,MSABR,CJE AREIA BRANCA,11670.5,748.0,0.06409322651128915
2026-07-01,MSCHP1,CJCHAPADA1,77485.5,8144.5,0.10510998832039543
2026-07-01,MSEBR,CJCAETES2,40391.5,2242.5,0.05551910674275528
2026-07-01,MSFLO,CJFVFLORESTA,14623.5,3564.5,0.24375149587991932
2026-07-01,MSFSA,CJFAISA,38045.5,3555.5,0.09345389073609231
2026-07-01,MSUEAB,AREIA BRANCA,0.0,0.0,
2026-07-01,MSUEAP,S.A.PADUA,0.0,0.0,
2026-07-01,MSUEEM,EMBUACA,0.0,0.0,
2026-07-01,MSUEFC,FAISA V,0.0,0.0,
2026-07-01,MSUEFD,FAISA II,0.0,0.0,
2026-07-01,MSUEFQ,FAISA IV,0.0,0.0,
2026-07-01,MSUEFT,FAISA III,0.0,0.0,
2026-07-01,MSUEFU,FAISA I,0.0,0.0,
2026-07-01,MSUEMT,MAR TERRA,0.0,0.0,
2026-07-01,MSUESC,SAO CRISTOVAO,0.0,0.0,
2026-07-01,MSUESJ,SAP JORGE,0.0,0.0,
2026-07-01,MTQ69,CJQUINTA69,11247.0,840.0,0.07468658308882369
2026-07-01,MVCEM1,M VENTOS 1,0.0,0.0,
2026-07-01,MVCEM3,M VENTOS 3,0.0,0.0,
2026-07-01,MVCEM4,M VENTOS 4,0.0,0.0,
2026-07-01,MVCEM6,M VENTOS 6,0.0,0.0,
2026-07-01,MVCEM9,M VENTOS 9,0.0,0.0,
2026-07-01,MXFFUT,CJ FUTURA,138750.0,31437.0,0.22657297297297296
2026-07-01,NBUERF,RIO DO FOGO,0.0,0.0,
2026-07-01,NL4ETAT,CJE Tacaratu 230kV,73188.5,4980.5,0.06805030845009803
2026-07-01,NL5FGID,CJF GILBUES II 500KV,154093.5,35235.0,0.22865987209064625
2026-07-01,NLCCRI,CJE CRISTAL,37113.0,2419.5,0.06519278958855387
2026-07-01,NLCMR,CJ CUMARU,63685.5,6444.0,0.10118472807781992
2026-07-01,NLCVNT,CJCURVAVENTO,19084.0,1418.5,0.07432928107315029
2026-07-01,NLDFN,CJDELFINA,81891.0,5957.0,0.07274303647531474
2026-07-01,NLEMS2,CJ MORRO DO CHAPEU SUL II,155228.0,8984.0,0.05787615636354266
2026-07-01,NLETAT,CJ EOL TACARATU,0.0,0.0,
2026-07-01,NLFNVT,CJTACARATU,0.0,0.0,
2026-07-01,NLFTAT,CJ SOL TACARATU,406.0,55.5,0.13669950738916256
2026-07-01,NLFVD,CJ FONTE DOS VENTOS II,0.0,0.0,
2026-07-01,NLHZT,CJHORIZONTE,17983.5,4270.5,0.23746767870548002
2026-07-01,NLLDV,CJ Lagoa dos Ventos,333302.5,27053.0,0.08116650790198093
2026-07-01,NLLDV1,CJ LAGOA DOS VENTOS 1,0.0,0.0,
2026-07-01,NLLDV2,CJ LAGOA DOS VENTOS 2,0.0,0.0,
2026-07-01,NLLDV3,CJ LAGOA DOS VENTOS 3,0.0,0.0,
2026-07-01,NLMCS,CJ MORRO DO CHAPEU SUL,72176.0,4481.5,0.06209127687874086
2026-07-01,NLMODL,CJMODELO,16275.5,1956.5,0.1202113606340819
2026-07-01,NLOUR,CJ OUROLANDIA II,226782.0,14111.5,0.06222495612526567
2026-07-01,NLSEAZ,CJSERRAAZUL,32858.5,1642.5,0.049987065751632
2026-07-01,NLSGO,CJSAOGONCALO,0.0,0.0,
2026-07-01,NLSGOA,CJ SAO GONCALO A,0.0,0.0,
2026-07-01,NLTBV,CJFVITUVERAVA,44561.5,10729.5,0.24077959673709368
2026-07-01,NLUECR,CRISTAL,0.0,0.0,
2026-07-01,NLUEJO,JOANA,0.0,0.0,
2026-07-01,NLUEMD,MODELO II,0.0,0.0,
2026-07-01,NLUEMI,EMILIANA,0.0,0.0,
2026-07-01,NLUEMP,MODELO I,0.0,0.0,
2026-07-01,NLUEPF,PAU FERRO,0.0,0.0,
2026-07-01,NLUEPG,P GERONIMO,0.0,0.0,
2026-07-01,NLUEPR,PRIMAVERA,0.0,0.0,
2026-07-01,NLUESJ,S JUDAS,0.0,0.0,
2026-07-01,NLUETA,TACAICO,0.0,0.0,
2026-07-01,NLVSR,CJ VENTOS DE SAO ROQUE,318773.5,25297.0,0.07935728660004675
2026-07-01,NTMEND,CJF ACU III,85610.0,21834.0,0.2550402990304871
2026-07-01,NTUFUR,CJF Urucuia 2,7762.0,1698.5,0.2188224684359701
2026-07-01,OBQ138,CJQUINTA138,19815.0,1462.5,0.07380772142316427
2026-07-01,P1SPP,CJF Bom Nome,14140.5,3243.5,0.2293766132739295
2026-07-01,PFCAL,CJ CALCARIO,20616.0,4669.5,0.2264988358556461
2026-07-01,PPUEPP,P.PARAJURU,0.0,0.0,
2026-07-01,PUUEPU,PARACURU,0.0,0.0,
2026-07-01,RCUERC,F.R.CHORO,0.0,0.0,
2026-07-01,RFMNR,CJ MONTE DO RONCA,66071.5,8010.5,0.12123986892987143
2026-07-01,RGCABC,CJCAETITE A,19590.0,1628.0,0.08310362429811129
2026-07-01,RGITRU,CJITAREMA V,57628.0,6067.0,0.10527868397306865
2026-07-01,S1FMRG,CJF Marangatu,68927.5,17532.0,0.2543542127597838
2026-07-01,S1PTN,CJF Banabuiu,46878.0,11271.5,0.24044327829685566
2026-07-01,S34FICO,CJF Ico 230 kV,36658.0,8192.5,0.22348464182443123
2026-07-01,S3AFB,CJ AFONSO BEZERRA,41584.5,4134.0,0.09941204054395267
2026-07-01,S3FSEM,CJ UFV SERRA DO MATO,20971.0,5081.5,0.24231081016642028
2026-07-01,S3SEM,CJ SERRA DO MATO,28483.5,2844.5,0.09986483402671723
2026-07-01,S3SERA,CJ SERROTE A,51930.5,5356.0,0.10313784770029173
2026-07-01,SCPCEO,PC EOLICAS,0.0,0.0,
2026-07-01,SCPCSL,PC SOLAR,0.0,0.0,
2026-07-01,SGDLT,CJDELTA3,154586.0,12505.0,0.08089348323910316
2026-07-01,SSARI,CJ ARIZONA,100211.0,7398.0,0.07382423087285826
2026-07-01,SSSESE,CJPBRANCA,80452.0,5668.0,0.07045194650226222
2026-07-01,SSUE7G,Sete Gameleira,0.0,0.0,
2026-07-01,SSUEPB,Pedra Branca,0.0,0.0,
2026-07-01,SSUESP,S Pedro Lago,0.0,0.0,
2026-07-01,SWCVDB,CJVDABAHIA,0.0,0.0,
2026-07-01,T1SODA,CJF TACAIMBO,20632.5,4463.0,0.21630922088937357
2026-07-01,UVSMG,CJSMIGUEL,20175.5,2220.5,0.11005923025451661
2026-07-01,UVUE12,UVENTOS 12,0.0,0.0,
2026-07-01,UVUE13,UVENTOS 13,0.0,0.0,
2026-07-01,UVUE14,UVENTOS 14,0.0,0.0,
2026-07-01,UVUEV1,UVENTOS 1,0.0,0.0,
2026-07-01,UVUEV2,UVENTOS 2,0.0,0.0,
2026-07-01,UVUEV3,UVENTOS 3,0.0,0.0,
2026-07-01,UVUEV4,UVENTOS 4,0.0,0.0,
2026-07-01,UVUEV5,UVENTOS 5,0.0,0.0,
2026-07-01,UVUEV6,UVENTOS 6,0.0,0.0,
2026-07-01,UVUEV7,UVENTOS 7,0.0,0.0,
2026-07-01,UVUEV8,UVENTOS 8,0.0,0.0,
2026-07-01,UVUEV9,UVENTOS 9,0.0,0.0,
2026-07-01,UVUEVX,UVENTOS 10,0.0,0.0,
2026-07-01,UVUVNT,CJUVENTOS,61204.5,7104.5,0.11607806615526636
2026-07-01,VIANE,CJ ANEMUS,42422.0,3607.0,0.0850266371222479
2026-07-01,VIARP,CJE CURRAL NOVO PIAUI II 500KV,181393.5,9573.5,0.05277752510426228
2026-07-01,VICSDS,CJ SERRA DO SERIDO,179999.5,21515.5,0.11953088758579886
2026-07-01,VIECAD,CARCARA 2,0.0,0.0,
2026-07-01,VIECAU,CARCARA 1,0.0,0.0,
2026-07-01,VIETER,TERRAL,0.0,0.0,
2026-07-01,VIFLA,CJ FOLHA LARGA,147582.5,10274.0,0.06961529991699558
2026-07-01,VINHZ,CJE Novo Horizonte,134838.0,9724.0,0.07211616903246859
2026-07-01,VIPARN,CJPARANATAMA,57910.5,3894.5,0.06725032593398433
2026-07-01,VISDB,CJ SERRA DA BABILONIA,123803.0,7006.0,0.05658990492960591
2026-07-01,VISLDF5,CJ UFV Santa Luzia,32250.5,8029.5,0.24897288414133115
2026-07-01,VISPC,CJF SIMPLICE,19367.0,4628.0,0.2389631847988847
2026-07-01,VISSD,CJ SOL DO SERTAO,89836.0,21567.5,0.24007636136960683
2026-07-01,VISSDB,CJF SERRA BABILONIA,26220.5,6283.5,0.23964073911634026
2026-07-01,VISVT,CJ VT São Vitor,170955.0,11516.0,0.06736275628089264
2026-07-01,VITSN,CJ TERRA SANTA,22514.5,2642.5,0.1173688067689711
2026-07-01,VIVB2,CJVDABAHIA2,0.0,0.0,
2026-07-01,VIVB3,CJ VENTOS DA BAHIA III,0.0,0.0,
2026-07-01,VIVBA,CJE VENTOS DA BAHIA,106786.5,6186.0,0.05792867075894425
2026-07-01,VL4EMSD,CJE Mossoró II 230kV,110040.5,7969.5,0.0724233350448244
2026-07-01,VL5ESMA,CJ Serra do Mel A,189851.0,11069.5,0.05830625069133162
2026-07-01,VLAB2,CJ ABAIARA 230 KV,37946.5,8655.5,0.22809745299302966
2026-07-01,VLAMZ,CJAMAZONAS,0.0,0.0,
2026-07-01,VLAPA,CJF Jaguaruana II,35612.5,7914.0,0.22222534222534224
2026-07-01,VLARN,CJF Arinos 2,247407.0,54097.0,0.2186558989842648
2026-07-01,VLCAN,CJ CANUDOS I,32474.5,1844.0,0.05678301436511725
2026-07-01,VLCARC,CJCARCARA2,0.0,0.0,
2026-07-01,VLCFVB,CJF Barro Alto 230kV,80767.5,18027.5,0.2232024019562324
2026-07-01,VLCNB,CJCARNAUBAS,27757.0,2327.5,0.08385272183593327
2026-07-01,VLDRC,CJF DRACO,101134.5,22031.0,0.2178386208464965
2026-07-01,VLFIG,CJ FILGUEIRA,0.0,0.0,
2026-07-01,VLKW2W,CJE KAIROS,26949.0,1794.5,0.06658874169728005
2026-07-01,VLMNV,CJ MUNDO NOVO,39274.5,3699.0,0.09418324867280296
2026-07-01,VLSDMA,CJ SR DO MEL A  ANT,0.0,0.0,
2026-07-01,VLSDMC,CJ SERRA DO MEL C,86436.5,19726.0,0.22821377543051835
2026-07-01,VLSM2A,CJ SERRA DO MEL II A,0.0,0.0,
2026-07-01,VRUEVR,VOLTA RIO,0.0,0.0,
2026-07-01,VS5FRGV,CJF R. Gonçalves 500kV,48563.5,11419.0,0.23513544122643548
2026-07-01,VSBJL,CJFOTOBJL,7708.0,1891.5,0.24539439543331604
2026-07-01,VSCIR,CJ UFV Ciranda,48215.5,11260.5,0.2335452292312638
2026-07-01,VSJAN,CJ JANDAIA,30315.5,2155.5,0.07110224142765252
2026-07-01,VSLAV,CJ Lavras,36484.0,8867.5,0.24305174871176405
2026-07-01,VUARX,CJ ARAXA,16963.5,3898.0,0.2297874848940372
2026-07-01,VUJAI3,CJF Jaiba 138 kV,20087.5,4581.0,0.2280522713130056
2026-07-01,VUPED,CJ PEDRANOPOLIS,12950.0,2829.0,0.21845559845559845
2026-08-01,3N4EPND,CJEPindaí II 230kV,47379.0,5410.0,0.11418560965828743
2026-08-01,3N5EIGT,CJE IGAPORÃ III 500 kV,80213.5,9211.5,0.11483727801429934
2026-08-01,3NABD,CJ Abil II,0.0,0.0,
2026-08-01,3NABL,CJ Abil I,0.0,0.0,
2026-08-01,3NFDS,CJ Folha da Serra,0.0,0.0,
2026-08-01,3NQUN,CJ Quina,0.0,0.0,
2026-08-01,3NTBD,CJ TAMBORIL II,20991.0,2833.0,0.13496260302034205
2026-08-01,3NTBR,CJ Tamboril I,0.0,0.0,
2026-08-01,3RCEBF,BAIXAFEIJAO,60443.0,6309.0,0.10437933259434509
2026-08-01,3REMVD,CJ MONTE VERDE,205010.5,43417.0,0.21177939666504886
2026-08-01,3RMVS,CJ Monte Verde Solar,40453.5,13980.0,0.3455819644777337
2026-08-01,3RPB,CJ PEREIRA BARRETO,83487.5,22946.0,0.2748435394520138
2026-08-01,3RUECI,CIDREIRA,16763.5,1586.0,0.09461031407522295
2026-08-01,A1BRAM,Brametal,0.0,0.0,
2026-08-01,A1DALL,Dallas Mineracao,0.0,0.0,
2026-08-01,A1GRAA,Gramazini Cdi,0.0,0.0,
2026-08-01,A1GRAM,Gramazini Solar Park,0.0,0.0,
2026-08-01,A1KINK,Kinka Regis,0.0,0.0,
2026-08-01,A1MAGI,MAGNITOS SOLAR,0.0,0.0,
2026-08-01,A1MAQS,Maqstone,0.0,0.0,
2026-08-01,A1MILA,Milanezi 1,0.0,0.0,
2026-08-01,A1NICC,Nicchio Sobrinho,0.0,0.0,
2026-08-01,A1QUAL,QUALITA GRANITOS,0.0,0.0,
2026-08-01,A1VITO,VITORIA STONE,0.0,0.0,
2026-08-01,A1ZUCC,Zucchi,0.0,0.0,
2026-08-01,A2BOA,BOA ESPERANCA,10444.5,0.0,0.0
2026-08-01,A2CENR,CENTRAL MINEIRAO,0.0,0.0,
2026-08-01,A2COLE,COLETEK,0.0,0.0,
2026-08-01,A2COM,COROMANDEL 1,4439.5,0.0,0.0
2026-08-01,A2COR,COROMANDEL 2,4344.5,0.0,0.0
2026-08-01,A2FCR,FCR III Itapuranga,1403.0,0.0,0.0
2026-08-01,A2GSI,GSII SOLAR 1,3621.5,0.0,0.0
2026-08-01,A2GSL,GSII SOLAR 3,0.0,0.0,
2026-08-01,A2GSO,GSII SOLAR 2,3622.5,0.0,0.0
2026-08-01,A2GUIA,GUIMARANIA 2,7243.5,0.0,0.0
2026-08-01,A2GUIM,GUIMARANIA 1,7126.5,0.0,0.0
2026-08-01,A2ITA1,Ita 01,691.5,0.0,0.0
2026-08-01,A2ITA2,Ita 02,647.5,0.0,0.0
2026-08-01,A2JOA,JOAO PINHEIRO 3,0.0,0.0,
2026-08-01,A2JOI,JOAO PINHEIRO 1,0.0,0.0,
2026-08-01,A2JOP,JOAO PINHEIRO 2,0.0,0.0,
2026-08-01,A2PED,PEDRO LEOPOLDO 1,0.0,0.0,
2026-08-01,A2PER,PEDRO LEOPOLDO 2,0.0,0.0,
2026-08-01,A2PON,PONTO CHIQUE 1,0.0,0.0,
2026-08-01,A2RACR,RACRI,0.0,0.0,
2026-08-01,A3UEGG,Gargaú,5196.5,0.0,0.0
2026-08-01,A4CANO,CANTO PORTO 02 - PIVÔ,0.0,0.0,
2026-08-01,A4CANP,CANTO PORTO - PORTARIA,0.0,0.0,
2026-08-01,A4CANR,CANTO PORTO - PISCINA,0.0,0.0,
2026-08-01,A4CANT,CANTO PORTO 01,0.0,0.0,
2026-08-01,A4ELGI,Elgin Mogi Das Cruzes,0.0,0.0,
2026-08-01,A4MARV,Marvi Solar,0.0,0.0,
2026-08-01,A4MINE,Mineradora Jp Ii,0.0,0.0,
2026-08-01,A4REDE,Rede Zeferino S. J. Boa Vista,0.0,0.0,
2026-08-01,A4REDZ,Rede Zeferino Itapira,0.0,0.0,
2026-08-01,A4TANQ,TANQUINHO,0.0,0.0,
2026-08-01,A4ZODI,Zodiac Produtos Farmacêuticos,0.0,0.0,
2026-08-01,A5BRSU,Brisas Suaves,1073.5,0.0,0.0
2026-08-01,ADUEAD,CJAGUADOCE,35323.5,3501.0,0.09911248885302985
2026-08-01,AFJDT,CJ Jandaira III,26284.0,5716.5,0.21748972759092985
2026-08-01,AFPTM,CJ PITOMBEIRA,36675.0,3628.0,0.0989229720518064
2026-08-01,AFUPTM,UFV PITOMBEIRA,10411.0,3414.0,0.32792238978004035
2026-08-01,AGACA,CONJUNTO EOLICO ACAUA,48663.5,8059.0,0.16560666618718342
2026-08-01,AGFFDM,FLOR DE MANDACARU,199.0,63.0,0.3165829145728643
2026-08-01,AGSTI,CJSINACIO,57967.5,4470.0,0.07711217492560486
2026-08-01,ALUEA1,ALEGRIA,10428.5,2569.0,0.24634415304214413
2026-08-01,ALUEA2,ALEGRIA 2,16622.5,3900.0,0.23462174763122273
2026-08-01,ARBJU,CJFVBJESUS,12995.5,4371.0,0.33634719710669075
2026-08-01,ARCRL,CJCRISTALANDIA,31303.5,2312.0,0.07385755586436021
2026-08-01,ARJCAT,CJE RENASCENCA V,20668.0,2175.0,0.10523514611960519
2026-08-01,ARLAP,CJFVLAPA,13252.5,4356.5,0.3287304282210904
2026-08-01,ARMRRI,CJCFORMOSO,69438.5,5732.5,0.0825550667137107
2026-08-01,ARNVO,CJF NOVA OLINDA,51186.0,15099.5,0.2949927714609464
2026-08-01,ARUEER,EURUS II,0.0,0.0,
2026-08-01,ARUERN,RENASCENCA5,0.0,0.0,
2026-08-01,ATMRO2,CJMARMELEIRO2,15013.5,4864.0,0.3239750890864888
2026-08-01,AU4ECNP,CJE CURRAL NOVO PIAUI II 230KV,468884.5,76481.0,0.1631126642062171
2026-08-01,AUAR3,CJARARIPE3,0.0,0.0,
2026-08-01,AUCPH,CJCHAPADINHA,0.0,0.0,
2026-08-01,AUSDJ,CJ JAIBA V,104880.5,29018.5,0.2766815566287346
2026-08-01,AUSDP1,UFV SOL DO PIAUI,8620.5,2485.5,0.288324343135549
2026-08-01,AUVDP2,CJ VENTOS DO PIAUI 2,0.0,0.0,
2026-08-01,AUVDP3,CJ VENTOS DO PIAUI III,0.0,0.0,
2026-08-01,B3FSA,CJ FRANCISCO SA,19558.5,5533.0,0.28289490502850423
2026-08-01,B3UJAI,CJF JAIBA,26977.0,7728.0,0.2864662490269489
2026-08-01,BB4EOUR,CJE Ourolândia II 230kV,0.0,0.0,
2026-08-01,BBASO,CJF ASSU SOL 500 kV,169952.0,56663.0,0.3334059028431557
2026-08-01,BBASSV,UFV ASSU V,6842.5,2327.5,0.340153452685422
2026-08-01,BBCLA,CJE CAMPO LARGO ANTIGO,0.0,0.0,
2026-08-01,BBCLA2,CJE CAMPO LARGO 2,0.0,0.0,
2026-08-01,BBE4CLA,CJE CAMPO LARGO,296145.0,22587.5,0.07627175876682031
2026-08-01,BBSAG,CJE Santo Agostinho,150875.5,32630.0,0.2162710314133176
2026-08-01,BBSAR,CJE SERRA DO ASSURUA,354641.5,27595.0,0.07781097248911929
2026-08-01,BBSSB,CJF SERTAO SOLAR BARREIRAS,21436.0,5842.0,0.27253218884120173
2026-08-01,BBTRA,CJE TRAIRI,85681.0,9036.5,0.10546678960329595
2026-08-01,BBUBN,CJE UMBURANAS,165461.0,12498.0,0.07553441596509147
2026-08-01,BBUEBB,BEBERIBE,0.0,0.0,
2026-08-01,BBUEFL,FLEXEIRAS,0.0,0.0,
2026-08-01,BBUEGU,GUAJIRU,0.0,0.0,
2026-08-01,BBUEMU,MUNDAU,0.0,0.0,
2026-08-01,BBUEPS,PEDRA SAL,0.0,0.0,
2026-08-01,BBUETR,TRAIRI,0.0,0.0,
2026-08-01,BBUFPU,CJF PARACATU,73422.0,19937.5,0.27154667538340005
2026-08-01,BEJAN,CJ JANAUBA,272948.5,76893.5,0.28171431607061403
2026-08-01,BFCGPN,CJPLANALTINA,0.0,0.0,
2026-08-01,BFCSER,CJ OESTE SERIDO,127253.0,23101.5,0.1815399244025681
2026-08-01,BFIGGU,CJGUIRAPA,0.0,0.0,
2026-08-01,BFIGLA,CJLALMEIDA,0.0,0.0,
2026-08-01,BFIGNC,CJNSCONCEICAO,0.0,0.0,
2026-08-01,BFIGP,CJ IGAPORA,129175.0,14779.0,0.11441068318173021
2026-08-01,BFRENS,CJE RENASCENCA,58207.5,5936.5,0.10198857535540953
2026-08-01,BFUFAL,CJ ALEX,64883.0,20372.5,0.3139882557834872
2026-08-01,BIAUD,CJE ACARAU II,27463.0,3343.0,0.12172741506754542
2026-08-01,BICEAD,CJPAPAGAIO,13759.0,1758.0,0.12777091358383602
2026-08-01,BIUEBU,BURITI,0.0,0.0,
2026-08-01,BIUECO,COQUEIROS,0.0,0.0,
2026-08-01,BJUEBJ,CJBOMJARDIM,21682.5,1687.5,0.07782774126599792
2026-08-01,BLUEM1,MSECO1,0.0,0.0,
2026-08-01,BLUEM2,MSECO2,0.0,0.0,
2026-08-01,BLUEM3,MSECO3,0.0,0.0,
2026-08-01,BLUEM5,MSECO5,0.0,0.0,
2026-08-01,BWUERT,REI VENTOS 3,11595.5,2735.0,0.23586736233883834
2026-08-01,BWUERU,REI VENTOS 1,10574.5,2580.0,0.24398316705281572
2026-08-01,C0BELM,Conjunto solar Belmonte,101025.5,27172.5,0.2689667460195693
2026-08-01,C0LINS,CFV Lins,35744.0,10189.5,0.28506882273948075
2026-08-01,C1SJP,FVSJP,42815.5,12512.5,0.2922422954303932
2026-08-01,CFCEAT,CJATLANTICA,30992.0,2930.0,0.09454052658750646
2026-08-01,CHCND,CJE CASA NOVA II,28932.5,2423.0,0.08374665168927677
2026-08-01,CHGPX,CJE GPEXPAN,36731.5,3785.5,0.10305868260212624
2026-08-01,CLARD,CJARACATI2,44494.5,3848.0,0.08648259897290676
2026-08-01,CLBSUL,CJEBLOCOSUL,57248.5,6507.0,0.11366236669956419
2026-08-01,CLCECV,CJCAMPOVENTOS,36544.5,3813.0,0.10433854615605631
2026-08-01,CLCEE1,EURUS I,0.0,0.0,
2026-08-01,CLCEE3,EURUS III,0.0,0.0,
2026-08-01,CLCHE,CJ P CHEIROSA,18278.5,2132.5,0.11666712257570369
2026-08-01,CLECBR,C.BRANCA,0.0,0.0,
2026-08-01,CLECV2,C.VENTOS 2,0.0,0.0,
2026-08-01,CLEJUR,JUREMA,0.0,0.0,
2026-08-01,CLEMAC,MACACOS,0.0,0.0,
2026-08-01,CLEPEP,PEDRA PRETA,0.0,0.0,
2026-08-01,CLGAM,CJ GAMELEIRA,30392.0,3598.5,0.11840286917609898
2026-08-01,CLJCCP,CJMACACOS,25586.0,2572.5,0.10054326584851091
2026-08-01,CLJCDV,CJE MORRO DOS VENTOS II,34680.5,3708.0,0.10691887371866034
2026-08-01,CLMVNT,CJE MORRO DOS VENTOS,47968.0,10346.5,0.21569588058705805
2026-08-01,CLSCLA,CJSCLARA,43976.0,9836.5,0.22367882481353465
2026-08-01,CLUEBV,B.VENTOS,0.0,0.0,
2026-08-01,CLUEC1,S CLARA I,0.0,0.0,
2026-08-01,CLUEC2,S CLARA II,0.0,0.0,
2026-08-01,CLUEC3,S CLARA III,0.0,0.0,
2026-08-01,CLUEC4,S CLARA IV,0.0,0.0,
2026-08-01,CLUEC5,S CLARA V,0.0,0.0,
2026-08-01,CLUEC6,S CLARA VI,0.0,0.0,
2026-08-01,CLUECQ,C.QUEBRADA,0.0,0.0,
2026-08-01,CLUEEN,ENACEL,0.0,0.0,
2026-08-01,CLUEFO,FORMOSA,26251.5,3806.5,0.14500123802449383
2026-08-01,CLUEIC,ICARAIZINHO,21687.5,2505.0,0.1155043227665706
2026-08-01,CLUER6,EURUS VI,0.0,0.0,
2026-08-01,CMJSNU,CJF Três Marias,9399.0,2350.5,0.25007979572294925
2026-08-01,CN4FRSD,CJF Russas II 230 kV,26392.0,8432.0,0.319490754774174
2026-08-01,CNLBI,CJ LAGOA DO BARRO I,130416.0,13672.5,0.1048375966139124
2026-08-01,CNTQN,CJ TANQUE NOVO,60346.0,5592.0,0.09266562821065191
2026-08-01,CQAVD,CJ Aventura II,48205.0,10473.5,0.2172699927393424
2026-08-01,CQCUT,CJ CUTIA,101280.0,11492.0,0.11346761453396524
2026-08-01,CQEAB1,A BRANCA I,0.0,0.0,
2026-08-01,CQEAB2,A BRANCA II,0.0,0.0,
2026-08-01,CQEAB3,A BRANCA III,0.0,0.0,
2026-08-01,CQEEU4,EURUS IV,0.0,0.0,
2026-08-01,CQESHE,S HELENA,0.0,0.0,
2026-08-01,CQESMA,S MARIA,0.0,0.0,
2026-08-01,CQESUR,VS URIEL,0.0,0.0,
2026-08-01,CQJCCO,CJBPOTIGUAR1,55084.0,5616.5,0.10196245733788396
2026-08-01,CQJDA,CJ JANDAIRA I,36120.0,7919.5,0.21925526024363234
2026-08-01,CQSMN,CJ SANTA ROSA MUNDO NOVO,74375.5,6253.0,0.08407338438060921
2026-08-01,CRUEGG,GARGAU,0.0,0.0,
2026-08-01,CV4FBBC,CJF BABILONIA CENTRO,26109.0,6045.5,0.2315485081772569
2026-08-01,CV4FBBS,CJF Babilonia Sul,12951.0,3200.5,0.2471237742259285
2026-08-01,CV5ETGS,CJE SERRA DO TIGRE,278185.0,49038.5,0.17628017326599205
2026-08-01,CVBBC,CJE BABILONIA CENTRO,242030.0,19551.0,0.08077924224269718
2026-08-01,CVBBS,CJ BABILONIA SUL,161825.5,12246.5,0.07567719549761935
2026-08-01,CVFLS,CJ FOLHA LARGA SUL,67683.0,5978.0,0.08832350811872997
2026-08-01,CVRDV,CJ RIO DO VENTO,252873.0,25526.0,0.10094395210243877
2026-08-01,CVRVE,CJ Rio do Vento Exp,262011.0,25319.0,0.09663334745487785
2026-08-01,CVUMR,CJ UMARI,93847.0,8052.0,0.0857992264004177
2026-08-01,CYBAB,CJ BABILONIA,61539.0,4726.0,0.07679682802775475
2026-08-01,D2APEA,APE GAZIN MÓVEIS (MATRIZ),0.0,0.0,
2026-08-01,D2APEG,APE GAZIN MOLAS,0.0,0.0,
2026-08-01,D2EOLI,Eólio - Elétrica de Palmas,13.0,0.0,0.0
2026-08-01,D2PORM,Pormade,0.0,0.0,
2026-08-01,D3APEH,APE HCR MARAU,0.0,0.0,
2026-08-01,D3APEK,Ape Kiformaggio,0.0,0.0,
2026-08-01,D3APES,Ape Ksd Metais,0.0,0.0,
2026-08-01,D3CAXI,Caxiense,0.0,0.0,
2026-08-01,D3COOP,Coopermaçã,0.0,0.0,
2026-08-01,D3DACO,Dacolonia,0.0,0.0,
2026-08-01,D3FAZD,Fazenda Rosário 3,3372.5,0.0,0.0
2026-08-01,D3FAZE,Fazenda Rosário,1965.5,0.0,0.0
2026-08-01,D3FAZN,Fazenda Rosário 2,4983.5,0.0,0.0
2026-08-01,D3MADE,Madesa,0.0,0.0,
2026-08-01,D3MERC,Mercur Solar,0.0,0.0,
2026-08-01,D3PALO,Palotti Ape,0.0,0.0,
2026-08-01,D3PARQ,Parque Eólico de Palmares,1828.0,0.0,0.0
2026-08-01,D4EOLC,EÓLICA DE BOM JARDIM,0.0,0.0,
2026-08-01,D4EOLI,Eólica Água Doce,1648.0,7.5,0.0045509708737864075
2026-08-01,D4ESTU,Estrutural Zortea,0.0,0.0,
2026-08-01,D4HBRE,H Bremer & Filhos,0.0,0.0,
2026-08-01,D4INTE,Intelbras,0.0,0.0,
2026-08-01,D4LAIR,Laire Ind. de Emb. Plásticas,0.0,0.0,
2026-08-01,D4LAMI,Laminados Mocelin,0.0,0.0,
2026-08-01,D4MEGA,MEGAWATT SOLAR,0.0,0.0,
2026-08-01,D4NOVA,Nova Aurora,0.0,0.0,
2026-08-01,D4PARQ,Parque Eólico do Horizonte,0.0,0.0,
2026-08-01,D4TUBR,Tubarão P&D 2,0.0,0.0,
2026-08-01,D4VENT,Vento Meridional Oeste I,0.0,0.0,
2026-08-01,D5MOGA,Mogano Energia,0.0,0.0,
2026-08-01,D5MOVE,Moveis Paulo,0.0,0.0,
2026-08-01,D5TUBA,Tubarão P&D,0.0,0.0,
2026-08-01,DS4FBMC,CJF Brotas de Macaubas 230kV,2536.0,625.5,0.24664826498422712
2026-08-01,DSBMC,CJE BROTAS DE MACAUBAS,82576.5,5799.5,0.07023184562193845
2026-08-01,DSJER,CJ JERUSALEM,103444.5,23477.0,0.2269526171038576
2026-08-01,DSMRRC,CJF Serrita,9574.0,2383.5,0.2489555044913307
2026-08-01,DSUENH,N.HORIZONTE,0.0,0.0,
2026-08-01,DSUESE,SEABRA,0.0,0.0,
2026-08-01,DSVSE,CJ SANTA EUGENIA,205999.0,15631.5,0.07588143631765203
2026-08-01,EFEVDI,VENTOS INDIOS,0.0,0.0,
2026-08-01,EFEVSI,VENTOS LITORAL,0.0,0.0,
2026-08-01,EFEVSO,VENTOS SUL,0.0,0.0,
2026-08-01,EFEVSS,VENTOS LAGOA,0.0,0.0,
2026-08-01,EFLBA,CJLBARROS,66218.0,5647.5,0.08528647799691927
2026-08-01,EIVIA3,CJVIAMAO3,12910.0,1158.0,0.08969790859798606
2026-08-01,EJCPIR,CJPIRAPORA 2,67729.0,19048.0,0.28123846505928035
2026-08-01,EJCST3,CJ CASTILHO,23949.5,5624.0,0.2348274494248314
2026-08-01,EJPR4,CJF PARACATU 4 500KV,123038.5,31357.5,0.25485925137253784
2026-08-01,EJSDA1,CJE SERRA DAS ALMAS II 500 kV,104772.0,9320.5,0.08895983659756423
2026-08-01,EJUFD,CJDRACENA,12660.0,3648.5,0.2881911532385466
2026-08-01,EJVZP,CJF Varzea da Palma 7,21397.0,5653.5,0.2642192830770669
2026-08-01,EJVZPQ,CJ Helio Valgas,114114.5,30582.0,0.26799398849401257
2026-08-01,EQ2ESSA,CJE SERRA DE SANTANA,86770.0,14663.0,0.16898697706580615
2026-08-01,EQ5ESMB,CJ SERRA DO MEL B,217533.5,13960.0,0.06417402377105136
2026-08-01,EQBRD,CJF BARREIRAS II 500KV,88517.5,28660.5,0.32378343265455983
2026-08-01,EQRG3,CJF Ribeiro Gonçalves,53514.0,14130.5,0.26405239750345705
2026-08-01,EQSDMB,CJ SERRA DO MEL B ANT,0.0,0.0,
2026-08-01,EQSM2B,CJ SERRA DO MEL II B,0.0,0.0,
2026-08-01,EQSNT3,CJSSANTANA3,0.0,0.0,
2026-08-01,EQSRO,CJSROSALIA,51058.5,5086.0,0.09961123025549125
2026-08-01,EQST12,CJSSANTANA12,0.0,0.0,
2026-08-01,EQVCLE,CJSCLEMENTE,67850.0,5139.0,0.07574060427413412
2026-08-01,ESCNG,CJE LIVRAMENTO 3,75887.5,5702.5,0.07514412782078735
2026-08-01,ESECC1,C.CHATO1,0.0,0.0,
2026-08-01,ESECC2,C.CHATO2,0.0,0.0,
2026-08-01,ESECC3,C.CHATO3,0.0,0.0,
2026-08-01,ESECC4,CJE CERRO CHATO,44437.5,3262.0,0.07340646976090014
2026-08-01,F2JOFE,Jofege Mineracao,0.0,0.0,
2026-08-01,F2PERA,Perola Br 060,0.0,0.0,
2026-08-01,F2PERL,Perola Av Comercial,0.0,0.0,
2026-08-01,F2PERO,Perola Av Brasil,0.0,0.0,
2026-08-01,F2PERR,Perola Rua Luziania,0.0,0.0,
2026-08-01,F3DVMS,Dvm Solar I,0.0,0.0,
2026-08-01,F3TPZO,TOPAZIO I,0.0,0.0,
2026-08-01,F4CALC,CALCÁRIO TANGARÁ,0.0,0.0,
2026-08-01,F4CERA,CERAMICA JUSCIMEIRA,0.0,0.0,
2026-08-01,F4COPA,Copacel,0.0,0.0,
2026-08-01,F4DUAL,Dual Cnp,0.0,0.0,
2026-08-01,F4DUAP,Dual Pp,0.0,0.0,
2026-08-01,F4FACU,FACULDADE CATHEDRAL,0.0,0.0,
2026-08-01,F4FAZN,FAZENDA SOLAR,0.0,0.0,
2026-08-01,F4FERM,FERMAP ARMAZÉNS GERAIS,0.0,0.0,
2026-08-01,F4TEMP,TEMPERMAT,0.0,0.0,
2026-08-01,F6BRIT,BURITIS,496.5,2.0,0.004028197381671702
2026-08-01,F6KAPA,Kapa Zero,11.0,0.0,0.0
2026-08-01,F6MADI,MACHADINHO,525.5,0.0,0.0
2026-08-01,F6USFB,USF-BERNARDO ALIMENTOS,0.0,0.0,
2026-08-01,F7SOLM,SOL MAIOR,1010.5,0.0,0.0
2026-08-01,FBCHN,CJ CHAFARIZ NORTE,49838.0,9141.0,0.18341426220955898
2026-08-01,FBCHS,CJ CHAFARIZ SUL I,43530.5,7909.5,0.1817001872250491
2026-08-01,FBCHSD,CHAFARIZ SUL II,44625.0,8124.5,0.18206162464985995
2026-08-01,FBLZA,CJ Luzia,20825.5,6128.0,0.29425463974454397
2026-08-01,FBOIT,CJ Oitis,219138.5,21259.0,0.0970117072079986
2026-08-01,GEDREN,CJOLHOdAGUA,23814.5,2351.5,0.09874236284616515
2026-08-01,GEECVA,CTV_ACARAU_I,2634.5,350.0,0.13285253368760674
2026-08-01,GEEPR1,RENASCENCA1,0.0,0.0,
2026-08-01,GEEPR2,RENASCENCA2,0.0,0.0,
2026-08-01,GEEPR3,RENASCENCA3,0.0,0.0,
2026-08-01,GEEPR4,RENASCENCA4,0.0,0.0,
2026-08-01,GEEVSM,VSMIGUEL,0.0,0.0,
2026-08-01,GEUEBV,BOA VISTA,0.0,0.0,
2026-08-01,GEUEFA,FAROL,0.0,0.0,
2026-08-01,GEUEOD,OLHO DAGUA,0.0,0.0,
2026-08-01,GEUESB,S BENTO N,0.0,0.0,
2026-08-01,GEWND1,CJBWGUIRAPA1,36710.0,4339.5,0.11821029692181967
2026-08-01,GEWND2,CJBWGUIRAPA2,33436.5,3542.0,0.10593214002661762
2026-08-01,GLCHP2,CJCHAPADA2,94925.0,16318.0,0.17190413484329733
2026-08-01,GLCHP3,CJCHAPADA3,102855.0,17377.0,0.1689465752758738
2026-08-01,GLEAB4,A.BRANCA 4,0.0,0.0,
2026-08-01,GLEAB5,A.BRANCA 5,0.0,0.0,
2026-08-01,GLEAB6,A.BRANCA 6,0.0,0.0,
2026-08-01,GLEAB7,A.BRANCA 7,0.0,0.0,
2026-08-01,GLEAB8,A.BRANCA 8,0.0,0.0,
2026-08-01,GLJCAB,CJE ASA BRANCA,40932.0,4193.5,0.10245040555066941
2026-08-01,GSCPD,CJCABPRETO2,52932.0,5340.0,0.10088415325323057
2026-08-01,GTCUFG,CJGUAIMBE,22821.5,6924.0,0.30339811143001116
2026-08-01,GTUFBH,CJBOAHORA,31612.0,8882.0,0.2809692521827154
2026-08-01,I1BOND,Bonde Mais I,0.0,0.0,
2026-08-01,I1CITE,CITEPE,0.0,0.0,
2026-08-01,I1FAZE,Fazenda Esmeralda,4528.5,4.0,8.832946891906813E-4
2026-08-01,I1FEDE,Federal,0.0,0.0,
2026-08-01,I1FERR,Ferreira Costa Caruaru,0.0,0.0,
2026-08-01,I1GRVT,Gravatá Fruitrade,1484.5,0.0,0.0
2026-08-01,I1IPLA,Iplac Industria,0.0,0.0,
2026-08-01,I1MAND,Mandacaru,1299.0,0.0,0.0
2026-08-01,I1MARA,Maravilhas I,0.0,0.0,
2026-08-01,I1MARV,Maravilhas II,0.0,0.0,
2026-08-01,I1MODA,Moda Center,0.0,0.0,
2026-08-01,I1OURB,Ouro Branco 2,13653.0,0.0,0.0
2026-08-01,I1OURO,Ouro Branco 1,14288.5,0.0,0.0
2026-08-01,I1PINC,Pincéis Roma Pe,0.0,0.0,
2026-08-01,I1PIRA,Pirauá,1440.0,0.0,0.0
2026-08-01,I1QUAT,Quatro Ventos,9318.0,0.0,0.0
2026-08-01,I1SHOP,Shopping Cidade,0.0,0.0,
2026-08-01,I1SNTM,Santa Maria,1118.0,0.0,0.0
2026-08-01,I1SOLA,Solar Salgueiro,6671.5,21.5,0.0032226635689125383
2026-08-01,I1SOLR,Solar Salgueiro II,6121.0,23.0,0.0037575559549093284
2026-08-01,I1VENO,Venosan,0.0,0.0,
2026-08-01,I1XAVA,Xavante,1026.5,0.0,0.0
2026-08-01,I2AERO,Aeroporto De Salvador,0.0,0.0,
2026-08-01,I2BARR,Barra dos Coqueiros,5375.5,43.0,0.007999255883173658
2026-08-01,I2FERR,Ferreira Costa Aracaju,0.0,0.0,
2026-08-01,I3ASSU,Assuruá,5747.0,7.0,0.001218026796589525
2026-08-01,I3EVB2,Ventos da Bahia II,12531.0,0.0,0.0
2026-08-01,I3EVB4,Ventos da Bahia IV,5565.0,0.0,0.0
2026-08-01,I3EVB8,Ventos da Bahia VIII,12710.0,0.0,0.0
2026-08-01,I3PDR3,Pedra do Reino III,7456.5,0.0,0.0
2026-08-01,I3PEDD,Pedra do Reino IV,9698.0,0.0,0.0
2026-08-01,I3PEDO,Pedra do Reino,11329.5,0.0,0.0
2026-08-01,I3PEDR,Pedra do Reino V,8520.0,0.0,0.0
2026-08-01,I3SOBO,Sobrado 1,7116.5,0.0,0.0
2026-08-01,I3VERD,Verde Vale III,3051.5,0.0,0.0
2026-08-01,I4ALBA,Albatroz,1024.0,0.0,0.0
2026-08-01,I4ARAT,Aratuá I,4527.5,0.0,0.0
2026-08-01,I4ARIZ,Arizona 1,4501.0,0.0,0.0
2026-08-01,I4ATLA,Atlântica,982.5,0.0,0.0
2026-08-01,I4CAMU,Camurim,977.5,0.0,0.0
2026-08-01,I4CANO,Canoas,13643.5,0.0,0.0
2026-08-01,I4CARA,Caravela,1020.0,0.0,0.0
2026-08-01,I4COEH,Coelhos II,1178.0,0.0,0.0
2026-08-01,I4COEL,Coelhos III,802.5,0.0,0.0
2026-08-01,I4COEO,Coelhos IV,861.0,0.0,0.0
2026-08-01,I4COES,Coelhos I,1021.5,0.0,0.0
2026-08-01,I4EDRC,Edr Construções,228.0,0.0,0.0
2026-08-01,I4FER2,Ferreira Costa João Pessoa,286.0,0.0,0.0
2026-08-01,I4FERR,Ferreira Costa Natal,0.0,0.0,
2026-08-01,I4FILI,Filial Polpa De Frutas,0.0,0.0,
2026-08-01,I4INDU,Industrias Becker I,0.0,0.0,
2026-08-01,I4LAGO,Lagoa 2,11669.5,0.0,0.0
2026-08-01,I4MATA,Mataraca,849.0,0.0,0.0
2026-08-01,I4MIAS,Miassaba II,4873.5,7.0,0.0014363393864778907
2026-08-01,I4MILL,Millennium,2540.0,0.0,0.0
2026-08-01,I4PARQ,Parque Eólico Cabeço Preto IV,9483.0,0.0,0.0
2026-08-01,I4PARU,Parque Eólico Cabeço Preto,9646.5,0.0,0.0
2026-08-01,I4POLA,Polpa Ideal Ii,0.0,0.0,
2026-08-01,I4POLP,Polpa Ideal I,0.0,0.0,
2026-08-01,I4PRES,Presidente,784.5,0.0,0.0
2026-08-01,I4SOLA,Solar Alto do Rodrigues,0.0,0.0,
2026-08-01,I4STEB,Sterbom Matriz,0.0,0.0,
2026-08-01,I4STER,Ster Bom Filial Casquinho,0.0,0.0,
2026-08-01,I4SUPE,Sup. Nord. Superfacil Rodov.,0.0,0.0,
2026-08-01,I4UERF,RN 15 - Rio do Fogo,6891.5,0.0,0.0
2026-08-01,I4VITO,Vitória,965.5,0.0,0.0
2026-08-01,I5ANGI,Angico I,5517.0,0.0,0.0
2026-08-01,I5BBR,Parque Eólico de Beberibe,8067.0,0.0,0.0
2026-08-01,I5DELT,Delta do Parnaíba,0.0,0.0,
2026-08-01,I5DUNA,Dunas de Paracuru,12790.0,0.0,0.0
2026-08-01,I5EOLI,Eólica Canoa Quebrada,2840.5,0.0,0.0
2026-08-01,I5FRC,Foz do Rio Choró,7540.0,0.0,0.0
2026-08-01,I5ICAR,Icaraí,7928.5,1.0,1.2612726240776944E-4
2026-08-01,I5LAGA,Lagoa 1,13965.0,0.0,0.0
2026-08-01,I5LGMO,Lagoa do Mato,875.5,0.0,0.0
2026-08-01,I5MALT,Malta,5401.5,0.0,0.0
2026-08-01,I5MEL0,Mel 02,5739.0,22.0,0.003833420456525527
2026-08-01,I5MUCU,Mucuripe,0.0,0.0,
2026-08-01,I5PRU,Eólica Paracuru,9731.5,0.0,0.0
2026-08-01,I5QUIX,Quixaba,6664.5,8.5,0.0012754145097156576
2026-08-01,I5RIOD,Rio do Peixe I,6435.5,0.0,0.0
2026-08-01,I5RIOO,Rio do Peixe II,6378.0,0.0,0.0
2026-08-01,I5SHOP,Shopping Serra Talhada,0.0,0.0,
2026-08-01,I5TAIA,Taíba,0.0,0.0,
2026-08-01,I5TAIB,Taíba Albatroz,4506.5,15.5,0.0034394763119937866
2026-08-01,I5TAUA,Tauá,0.0,0.0,
2026-08-01,I5UPRJ,Eólica Praias de Parajuru,9202.5,3.0,3.2599837000814997E-4
2026-08-01,I7DELT,Delta do Parnaíba,0.0,0.0,
2026-08-01,I7LUIG,Luiz Gonzaga II,0.0,0.0,
2026-08-01,I7LUIN,Luiz Gonzaga III,0.0,0.0,
2026-08-01,I7LUIO,Luiz Gonzaga I,0.0,0.0,
2026-08-01,I7PORD,Porto do Delta,16830.5,12.0,7.129912955646E-4
2026-08-01,I7PORO,Porto Salgado,6414.0,0.0,0.0
2026-08-01,I7PORT,Porto das Barcas,6190.5,0.0,0.0
2026-08-01,I7PSAL,Pedra do Sal,5759.0,0.0,0.0
2026-08-01,I7SERT,Sertão 1,7155.5,0.0,0.0
2026-08-01,I7SOBA,Sobral 1,6971.5,0.0,0.0
2026-08-01,I7TESA,Testa Branca III,11360.5,2.0,1.7604858941067735E-4
2026-08-01,I7TEST,Testa Branca I,11398.5,0.0,0.0
2026-08-01,IACEIG,ILHA GRANDE,0.0,0.0,
2026-08-01,IACETB,TAIBA AGUIA,0.0,0.0,
2026-08-01,IAERA1,RIACHAO1,0.0,0.0,
2026-08-01,IAERA2,RIACHAO2,0.0,0.0,
2026-08-01,IAERA4,RIACHAO4,0.0,0.0,
2026-08-01,IAERA6,RIACHAO6,0.0,0.0,
2026-08-01,IAERA7,RIACHAO7,0.0,0.0,
2026-08-01,IAFSBA,CJ SOL SAO BASILIO,39265.0,10469.5,0.2666369540303069
2026-08-01,IAICR,CJICARAI,52989.0,7386.0,0.1393874200305724
2026-08-01,IARIA,CJRIACHAO,32785.5,4315.0,0.13161306065181255
2026-08-01,IASABA,CJESBASILIO,0.0,0.0,
2026-08-01,IASBAE,CJ EOL SAO BASILIO,83804.0,12530.5,0.1495215025535774
2026-08-01,IATBA,CJTAIBA,25872.5,2948.0,0.11394337617161078
2026-08-01,IAUEAD,TAIBA ANDORINHA,0.0,0.0,
2026-08-01,IAUEBC,BOCA CORREGO,0.0,0.0,
2026-08-01,IAUECL,COLONIA,0.0,0.0,
2026-08-01,IAUEID,ICARAI 2,0.0,0.0,
2026-08-01,IAUEIU,ICARAI,0.0,0.0,
2026-08-01,IAUERB,RIBEIRAO,0.0,0.0,
2026-08-01,IDC245,CJCALANGO2,33414.0,5665.0,0.16953971389238043
2026-08-01,IDCA3,CJCALANGO3,29520.0,4985.5,0.16888550135501354
2026-08-01,IDCAL1,CJCALANGO1,24900.0,4221.5,0.16953815261044178
2026-08-01,IDCJCT,CJCAETITE123,31899.0,4172.5,0.13080347346311796
2026-08-01,IGCAJ1,CONJUNTO EOLICO CAJU,132196.0,24690.0,0.18676813216738783
2026-08-01,IGCTE,CJCAETITE,28609.5,3363.0,0.11754836680123736
2026-08-01,IGPND,CJPELOURINHO,19836.0,2313.0,0.11660617059891107
2026-08-01,IGTUC,CJ TUCANO,103206.5,4680.5,0.0453508257716326
2026-08-01,IGUEDP,CJ ARACAS,63146.5,8231.0,0.13034768356124252
2026-08-01,IGUEMI,MIASSABA3,15835.5,3852.5,0.24328249818445896
2026-08-01,IGUEMR,CJ MORRAO,44555.5,4852.5,0.10890911335300917
2026-08-01,IY3FIRE,CJF IRECE 138KV,24395.5,6348.0,0.2602119243303068
2026-08-01,IY4FJZD,CJF Juazeiro II 230kV,46492.0,11431.0,0.2458702572485589
2026-08-01,IYASRA,CJE GENTIO DO OURO I,142307.0,10638.0,0.07475387718102412
2026-08-01,IYBRI,CJF BRIGIDA,34960.0,9356.5,0.26763443935926773
2026-08-01,IYBST,CJF BOA SORTE,52701.5,14317.0,0.2716620969042627
2026-08-01,IYCBS,CJE CACIMBAS,27650.5,3018.0,0.10914811667058462
2026-08-01,IYJZS,CJF JUAZEIRO SOLAR,0.0,0.0,
2026-08-01,IYJZS2,CJF JUAZEIRO SOLAR 2,0.0,0.0,
2026-08-01,IYLRA,CJE LARANJEIRAS,240338.5,19118.0,0.07954614013152284
2026-08-01,IYMTD,CJF Mauriti,50000.5,11934.5,0.23868761312386877
2026-08-01,IYSDC,CJF SOL DO CERRADO,91006.5,24331.0,0.2673545296215106
2026-08-01,IYSDF,CJF SOL DO FUTURO,15091.0,4852.0,0.3215161354449672
2026-08-01,IYSPD,CJF SAO PEDRO,10721.5,3505.5,0.32695984703632885
2026-08-01,IYSVPA,CJE STA VITORIA DO PALMAR,37218.5,14278.5,0.3836398565229657
2026-08-01,IYUEXG,XANGRILA,6503.5,631.0,0.09702467901898977
2026-08-01,IYUFLS,CJF LAR DO SOL,99009.5,28346.0,0.286295759497826
2026-08-01,IYVST1,CJF VISTA ALEGRE - JANAUBA,162908.0,45493.5,0.2792588454833403
2026-08-01,MLEMAU,MALHADINHA1,6694.5,643.0,0.0960489954440212
2026-08-01,MMCTN,CJE CAETITE NORTE,74904.0,7146.0,0.09540211470682473
2026-08-01,MMMSC,CJE MANGUE SECO,24741.5,5523.5,0.2232483883353879
2026-08-01,MMRAL,CJFVRIOALTO,41034.5,11553.0,0.2815435791833701
2026-08-01,MPUEPM,P.MORGADO,0.0,0.0,
2026-08-01,MSABR,CJE AREIA BRANCA,16084.5,1779.0,0.11060337592091765
2026-08-01,MSCHP1,CJCHAPADA1,80560.0,13808.0,0.17140019860973188
2026-08-01,MSEBR,CJCAETES2,56175.5,3774.5,0.06719121325132843
2026-08-01,MSFLO,CJFVFLORESTA,16426.0,5515.5,0.335778643613783
2026-08-01,MSFSA,CJFAISA,67545.0,8454.0,0.12516100377526093
2026-08-01,MSUEAB,AREIA BRANCA,0.0,0.0,
2026-08-01,MSUEAP,S.A.PADUA,0.0,0.0,
2026-08-01,MSUEEM,EMBUACA,0.0,0.0,
2026-08-01,MSUEFC,FAISA V,0.0,0.0,
2026-08-01,MSUEFD,FAISA II,0.0,0.0,
2026-08-01,MSUEFQ,FAISA IV,0.0,0.0,
2026-08-01,MSUEFT,FAISA III,0.0,0.0,
2026-08-01,MSUEFU,FAISA I,0.0,0.0,
2026-08-01,MSUEMT,MAR TERRA,0.0,0.0,
2026-08-01,MSUESC,SAO CRISTOVAO,0.0,0.0,
2026-08-01,MSUESJ,SAP JORGE,0.0,0.0,
2026-08-01,MTQ69,CJQUINTA69,11452.0,1128.0,0.09849807893817673
2026-08-01,MVCEM1,M VENTOS 1,0.0,0.0,
2026-08-01,MVCEM3,M VENTOS 3,0.0,0.0,
2026-08-01,MVCEM4,M VENTOS 4,0.0,0.0,
2026-08-01,MVCEM6,M VENTOS 6,0.0,0.0,
2026-08-01,MVCEM9,M VENTOS 9,0.0,0.0,
2026-08-01,MXFFUT,CJ FUTURA,146779.0,38953.0,0.2653853752921058
2026-08-01,NBUERF,RIO DO FOGO,0.0,0.0,
2026-08-01,NL4ETAT,CJE Tacaratu 230kV,77743.0,5490.5,0.07062372174986815
2026-08-01,NL5FGID,CJF GILBUES II 500KV,166752.0,43081.0,0.2583537228938783
2026-08-01,NLCCRI,CJE CRISTAL,41411.0,3459.5,0.08354060515322016
2026-08-01,NLCMR,CJ CUMARU,65870.5,13065.0,0.19834371987460245
2026-08-01,NLCVNT,CJCURVAVENTO,20413.5,2086.5,0.10221177162172092
2026-08-01,NLDFN,CJDELFINA,85347.5,7289.5,0.0854096487887753
2026-08-01,NLEMS2,CJ MORRO DO CHAPEU SUL II,174183.5,13013.5,0.0747114393728453
2026-08-01,NLETAT,CJ EOL TACARATU,0.0,0.0,
2026-08-01,NLFNVT,CJTACARATU,0.0,0.0,
2026-08-01,NLFTAT,CJ SOL TACARATU,479.0,119.0,0.24843423799582465
2026-08-01,NLFVD,CJ FONTE DOS VENTOS II,0.0,0.0,
2026-08-01,NLHZT,CJHORIZONTE,19285.0,5124.0,0.2656987295825771
2026-08-01,NLLDV,CJ Lagoa dos Ventos,347752.0,37222.5,0.10703748648462122
2026-08-01,NLLDV1,CJ LAGOA DOS VENTOS 1,0.0,0.0,
2026-08-01,NLLDV2,CJ LAGOA DOS VENTOS 2,0.0,0.0,
2026-08-01,NLLDV3,CJ LAGOA DOS VENTOS 3,0.0,0.0,
2026-08-01,NLMCS,CJ MORRO DO CHAPEU SUL,81916.5,6494.0,0.07927584796713727
2026-08-01,NLMODL,CJMODELO,18077.0,3932.5,0.21754162748243625
2026-08-01,NLOUR,CJ OUROLANDIA II,250335.0,20595.5,0.0822717558471648
2026-08-01,NLSEAZ,CJSERRAAZUL,36869.5,2280.5,0.061853293372570825
2026-08-01,NLSGO,CJSAOGONCALO,0.0,0.0,
2026-08-01,NLSGOA,CJ SAO GONCALO A,0.0,0.0,
2026-08-01,NLTBV,CJFVITUVERAVA,47369.5,12847.0,0.27120826692280897
2026-08-01,NLUECR,CRISTAL,0.0,0.0,
2026-08-01,NLUEJO,JOANA,0.0,0.0,
2026-08-01,NLUEMD,MODELO II,0.0,0.0,
2026-08-01,NLUEMI,EMILIANA,0.0,0.0,
2026-08-01,NLUEMP,MODELO I,0.0,0.0,
2026-08-01,NLUEPF,PAU FERRO,0.0,0.0,
2026-08-01,NLUEPG,P GERONIMO,0.0,0.0,
2026-08-01,NLUEPR,PRIMAVERA,0.0,0.0,
2026-08-01,NLUESJ,S JUDAS,0.0,0.0,
2026-08-01,NLUETA,TACAICO,0.0,0.0,
2026-08-01,NLVSR,CJ VENTOS DE SAO ROQUE,355869.0,35456.5,0.09963357302827726
2026-08-01,NTMEND,CJF ACU III,101604.5,34244.0,0.33703231648204557
2026-08-01,NTUFUR,CJF Urucuia 2,18795.0,4428.0,0.23559457302474063
2026-08-01,OBQ138,CJQUINTA138,20402.0,1992.5,0.0976619939221645
2026-08-01,P1SPP,CJF Bom Nome,16077.5,4319.0,0.2686362929559944
2026-08-01,PFCAL,CJ CALCARIO,25642.0,8230.0,0.32095780360346304
2026-08-01,PPUEPP,P.PARAJURU,0.0,0.0,
2026-08-01,PUUEPU,PARACURU,0.0,0.0,
2026-08-01,RCUERC,F.R.CHORO,0.0,0.0,
2026-08-01,RFMNR,CJ MONTE DO RONCA,86257.5,18592.0,0.21554067762223575
2026-08-01,RGCABC,CJCAETITE A,20738.0,2389.0,0.11519915131642396
2026-08-01,RGITRU,CJITAREMA V,90266.0,10774.0,0.11935834090355173
2026-08-01,S1FMRG,CJF Marangatu,76909.5,23026.5,0.2993973436311509
2026-08-01,S1PTN,CJF Banabuiu,53004.5,16862.0,0.31812393287362395
2026-08-01,S34FICO,CJF Ico 230 kV,39164.0,11114.5,0.28379379021550405
2026-08-01,S3AFB,CJ AFONSO BEZERRA,51750.5,10403.5,0.20103187408817305
2026-08-01,S3FSEM,CJ UFV SERRA DO MATO,23075.5,6752.5,0.292626378626682
2026-08-01,S3SEM,CJ SERRA DO MATO,44901.0,6164.5,0.13729092893254047
2026-08-01,S3SERA,CJ SERROTE A,78808.0,11398.5,0.1446363313369201
2026-08-01,SCPCEO,PC EOLICAS,0.0,0.0,
2026-08-01,SCPCSL,PC SOLAR,0.0,0.0,
2026-08-01,SGDLT,CJDELTA3,223115.0,21734.5,0.09741388969813773
2026-08-01,SSARI,CJ ARIZONA,109129.0,11007.5,0.10086686398665799
2026-08-01,SSSESE,CJPBRANCA,85165.5,7727.0,0.09072922721054887
2026-08-01,SSUE7G,Sete Gameleira,0.0,0.0,
2026-08-01,SSUEPB,Pedra Branca,0.0,0.0,
2026-08-01,SSUESP,S Pedro Lago,0.0,0.0,
2026-08-01,SWCVDB,CJVDABAHIA,0.0,0.0,
2026-08-01,T1SODA,CJF TACAIMBO,22018.5,5542.0,0.25169743624679247
2026-08-01,UVSMG,CJSMIGUEL,24431.0,5399.0,0.22098972616757398
2026-08-01,UVUE12,UVENTOS 12,0.0,0.0,
2026-08-01,UVUE13,UVENTOS 13,0.0,0.0,
2026-08-01,UVUE14,UVENTOS 14,0.0,0.0,
2026-08-01,UVUEV1,UVENTOS 1,0.0,0.0,
2026-08-01,UVUEV2,UVENTOS 2,0.0,0.0,
2026-08-01,UVUEV3,UVENTOS 3,0.0,0.0,
2026-08-01,UVUEV4,UVENTOS 4,0.0,0.0,
2026-08-01,UVUEV5,UVENTOS 5,0.0,0.0,
2026-08-01,UVUEV6,UVENTOS 6,0.0,0.0,
2026-08-01,UVUEV7,UVENTOS 7,0.0,0.0,
2026-08-01,UVUEV8,UVENTOS 8,0.0,0.0,
2026-08-01,UVUEV9,UVENTOS 9,0.0,0.0,
2026-08-01,UVUEVX,UVENTOS 10,0.0,0.0,
2026-08-01,UVUVNT,CJUVENTOS,80241.0,17073.0,0.21277152577859199
2026-08-01,VIANE,CJ ANEMUS,46967.5,8045.0,0.17128865705008783
2026-08-01,VIARP,CJE CURRAL NOVO PIAUI II 500KV,220739.0,18808.0,0.08520469876188622
2026-08-01,VICSDS,CJ SERRA DO SERIDO,191624.0,35271.0,0.18406358284974741
2026-08-01,VIECAD,CARCARA 2,0.0,0.0,
2026-08-01,VIECAU,CARCARA 1,0.0,0.0,
2026-08-01,VIETER,TERRAL,0.0,0.0,
2026-08-01,VIFLA,CJ FOLHA LARGA,162341.0,14011.5,0.08630906548561361
2026-08-01,VINHZ,CJE Novo Horizonte,159687.5,16116.5,0.1009252446183953
2026-08-01,VIPARN,CJPARANATAMA,74936.5,5426.0,0.0724079720830303
2026-08-01,VISDB,CJ SERRA DA BABILONIA,144390.0,10883.0,0.07537225569637787
2026-08-01,VISLDF5,CJ UFV Santa Luzia,35136.5,10367.0,0.2950493076999701
2026-08-01,VISPC,CJF SIMPLICE,23463.0,6338.0,0.2701274346843967
2026-08-01,VISSD,CJ SOL DO SERTAO,96525.0,31123.5,0.32243978243978244
2026-08-01,VISSDB,CJF SERRA BABILONIA,27543.5,7752.0,0.2814457131446621
2026-08-01,VISVT,CJ VT São Vitor,199808.0,17384.5,0.08700602578475336
2026-08-01,VITSN,CJ TERRA SANTA,28413.5,6099.5,0.2146690833582628
2026-08-01,VIVB2,CJVDABAHIA2,0.0,0.0,
2026-08-01,VIVB3,CJ VENTOS DA BAHIA III,0.0,0.0,
2026-08-01,VIVBA,CJE VENTOS DA BAHIA,118760.5,8492.5,0.07150946653138038
2026-08-01,VL4EMSD,CJE Mossoró II 230kV,147339.5,17032.5,0.1156003651430879
2026-08-01,VL5ESMA,CJ Serra do Mel A,255293.5,16946.5,0.06638046013705794
2026-08-01,VLAB2,CJ ABAIARA 230 KV,40016.5,10712.5,0.26770207289493086
2026-08-01,VLAMZ,CJAMAZONAS,0.0,0.0,
2026-08-01,VLAPA,CJF Jaguaruana II,45049.5,14290.5,0.3172177271667832
2026-08-01,VLARN,CJF Arinos 2,266157.5,68711.5,0.2581610512572443
2026-08-01,VLCAN,CJ CANUDOS I,37117.5,2194.0,0.05910958442783054
2026-08-01,VLCARC,CJCARCARA2,0.0,0.0,
2026-08-01,VLCFVB,CJF Barro Alto 230kV,83972.5,22355.5,0.26622406144868854
2026-08-01,VLCNB,CJCARNAUBAS,33126.0,3410.5,0.1029553824790195
2026-08-01,VLDRC,CJF DRACO,111960.0,29332.5,0.2619908896034298
2026-08-01,VLFIG,CJ FILGUEIRA,0.0,0.0,
2026-08-01,VLKW2W,CJE KAIROS,40443.5,3662.5,0.09055843337001002
2026-08-01,VLMNV,CJ MUNDO NOVO,38636.0,4003.5,0.1036209752562377
2026-08-01,VLSDMA,CJ SR DO MEL A  ANT,0.0,0.0,
2026-08-01,VLSDMC,CJ SERRA DO MEL C,101713.5,27878.5,0.27408849366111676
2026-08-01,VLSM2A,CJ SERRA DO MEL II A,0.0,0.0,
2026-08-01,VRUEVR,VOLTA RIO,0.0,0.0,
2026-08-01,VS5FRGV,CJF R. Gonçalves 500kV,55078.5,16072.5,0.2918107791606525
2026-08-01,VSBJL,CJFOTOBJL,8163.5,2732.5,0.33472162675323086
2026-08-01,VSCIR,CJ UFV Ciranda,54395.5,15013.5,0.27600628728479376
2026-08-01,VSJAN,CJ JANDAIA,44620.0,4838.0,0.10842671447781264
2026-08-01,VSLAV,CJ Lavras,42050.0,13385.0,0.3183115338882283
2026-08-01,VUARX,CJ ARAXA,18657.0,5101.0,0.2734094441764485
2026-08-01,VUJAI3,CJF Jaiba 138 kV,20884.5,5517.0,0.26416720534367594
2026-08-01,VUPED,CJ PEDRANOPOLIS,15667.5,4379.5,0.27952768469762246
2026-09-01,3N4EPND,CJEPindaí II 230kV,41743.0,3952.5,0.09468653426921879
2026-09-01,3N5EIGT,CJE IGAPORÃ III 500 kV,77192.0,6640.0,0.08601927660897503
2026-09-01,3NABD,CJ Abil II,0.0,0.0,
2026-09-01,3NABL,CJ Abil I,0.0,0.0,
2026-09-01,3NFDS,CJ Folha da Serra,0.0,0.0,
2026-09-01,3NQUN,CJ Quina,0.0,0.0,
2026-09-01,3NTBD,CJ TAMBORIL II,17050.0,1699.0,0.09964809384164224
2026-09-01,3NTBR,CJ Tamboril I,0.0,0.0,
2026-09-01,3RCEBF,BAIXAFEIJAO,54511.5,6473.5,0.11875475817029434
2026-09-01,3REMVD,CJ MONTE VERDE,187449.5,40200.0,0.21445776062352795
2026-09-01,3RMVS,CJ Monte Verde Solar,43746.0,15293.5,0.34959767750194304
2026-09-01,3RPB,CJ PEREIRA BARRETO,77446.0,23657.0,0.30546445265087935
2026-09-01,3RUECI,CIDREIRA,12804.0,1384.0,0.10809122149328335
2026-09-01,A1BRAM,Brametal,0.0,0.0,
2026-09-01,A1DALL,Dallas Mineracao,0.0,0.0,
2026-09-01,A1FOSO,FORTLEV SOLAR I,0.0,0.0,
2026-09-01,A1GRAA,Gramazini Cdi,0.0,0.0,
2026-09-01,A1GRAM,Gramazini Solar Park,0.0,0.0,
2026-09-01,A1KINK,Kinka Regis,0.0,0.0,
2026-09-01,A1MAGI,MAGNITOS SOLAR,0.0,0.0,
2026-09-01,A1MAQS,Maqstone,0.0,0.0,
2026-09-01,A1MILA,Milanezi 1,0.0,0.0,
2026-09-01,A1NICC,Nicchio Sobrinho,0.0,0.0,
2026-09-01,A1QUAL,QUALITA GRANITOS,0.0,0.0,
2026-09-01,A1VITO,VITORIA STONE,0.0,0.0,
2026-09-01,A1ZUCC,Zucchi,0.0,0.0,
2026-09-01,A2BED,BELVEDERE 3,0.0,0.0,
2026-09-01,A2BEL,BELVEDERE 1,0.0,0.0,
2026-09-01,A2BEV,BELVEDERE 2,0.0,0.0,
2026-09-01,A2BOA,BOA ESPERANCA,16027.0,0.0,0.0
2026-09-01,A2CENR,CENTRAL MINEIRAO,0.0,0.0,
2026-09-01,A2COLE,COLETEK,0.0,0.0,
2026-09-01,A2COM,COROMANDEL 1,6384.5,0.0,0.0
2026-09-01,A2COR,COROMANDEL 2,6381.0,0.0,0.0
2026-09-01,A2FCR,FCR III Itapuranga,1354.0,0.0,0.0
2026-09-01,A2GSI,GSII SOLAR 1,5564.5,0.0,0.0
2026-09-01,A2GSL,GSII SOLAR 3,4777.0,0.0,0.0
2026-09-01,A2GSO,GSII SOLAR 2,5576.5,0.0,0.0
2026-09-01,A2GUIA,GUIMARANIA 2,6549.0,0.0,0.0
2026-09-01,A2GUIM,GUIMARANIA 1,6449.5,0.0,0.0
2026-09-01,A2ITA1,Ita 01,782.0,0.0,0.0
2026-09-01,A2ITA2,Ita 02,771.5,0.0,0.0
2026-09-01,A2JOA,JOAO PINHEIRO 3,0.0,0.0,
2026-09-01,A2JOI,JOAO PINHEIRO 1,0.0,0.0,
2026-09-01,A2JOP,JOAO PINHEIRO 2,0.0,0.0,
2026-09-01,A2PED,PEDRO LEOPOLDO 1,6498.5,0.0,0.0
2026-09-01,A2PER,PEDRO LEOPOLDO 2,6487.0,0.0,0.0
2026-09-01,A2PON,PONTO CHIQUE 1,0.0,0.0,
2026-09-01,A2RACR,RACRI,0.0,0.0,
2026-09-01,A3UEGG,Gargaú,4711.5,0.0,0.0
2026-09-01,A4ASSO,ASPERBRAS SOLAR,0.0,0.0,
2026-09-01,A4CANO,CANTO PORTO 02 - PIVÔ,0.0,0.0,
2026-09-01,A4CANP,CANTO PORTO - PORTARIA,0.0,0.0,
2026-09-01,A4CANR,CANTO PORTO - PISCINA,0.0,0.0,
2026-09-01,A4CANT,CANTO PORTO 01,0.0,0.0,
2026-09-01,A4ELGI,Elgin Mogi Das Cruzes,0.0,0.0,
2026-09-01,A4FLJM,FERRO LIGAS JUMIRIM,0.0,0.0,
2026-09-01,A4MARV,Marvi Solar,0.0,0.0,
2026-09-01,A4MINE,Mineradora Jp Ii,0.0,0.0,
2026-09-01,A4NTLI,NACIONAL TUBOS LIMEIRA,0.0,0.0,
2026-09-01,A4PRLN,PRALANA,0.0,0.0,
2026-09-01,A4PSL2,PROENCA SOLAR LOJA 20,0.0,0.0,
2026-09-01,A4REDE,Rede Zeferino S. J. Boa Vista,0.0,0.0,
2026-09-01,A4REDZ,Rede Zeferino Itapira,0.0,0.0,
2026-09-01,A4TANQ,TANQUINHO,0.0,0.0,
2026-09-01,A4ZODI,Zodiac Produtos Farmacêuticos,0.0,0.0,
2026-09-01,A5BRSU,Brisas Suaves,1066.0,0.0,0.0
2026-09-01,ADUEAD,CJAGUADOCE,27817.0,2889.5,0.10387532803681201
2026-09-01,AFJDT,CJ Jandaira III,24077.0,5248.5,0.21798812144370147
2026-09-01,AFPTM,CJ PITOMBEIRA,38314.5,3917.5,0.10224588602226312
2026-09-01,AFUPTM,UFV PITOMBEIRA,10586.0,3478.5,0.3285943699225392
2026-09-01,AGACA,CONJUNTO EOLICO ACAUA,44703.5,8079.0,0.18072410437661482
2026-09-01,AGFFDM,FLOR DE MANDACARU,199.0,63.0,0.3165829145728643
2026-09-01,AGSTI,CJSINACIO,63982.0,4896.0,0.07652152167797192
2026-09-01,ALUEA1,ALEGRIA,9799.5,2240.5,0.22863411398540742
2026-09-01,ALUEA2,ALEGRIA 2,16515.0,3711.0,0.22470481380563123
2026-09-01,ARBJU,CJFVBJESUS,12709.5,3977.0,0.3129155356229592
2026-09-01,ARCRL,CJCRISTALANDIA,35640.0,3103.0,0.08706509539842873
2026-09-01,ARJCAT,CJE RENASCENCA V,19197.5,2438.0,0.1269957025654382
2026-09-01,ARLAP,CJFVLAPA,13444.5,4102.0,0.30510617724720146
2026-09-01,ARMRRI,CJCFORMOSO,68722.5,5913.0,0.08604168940303394
2026-09-01,ARNVO,CJF NOVA OLINDA,49634.5,15402.0,0.3103083540682388
2026-09-01,ARUEER,EURUS II,0.0,0.0,
2026-09-01,ARUERN,RENASCENCA5,0.0,0.0,
2026-09-01,ATMRO2,CJMARMELEIRO2,0.0,0.0,
2026-09-01,AU4ECNP,CJE CURRAL NOVO PIAUI II 230KV,416951.0,41278.5,0.09900084182553825
2026-09-01,AUAR3,CJARARIPE3,0.0,0.0,
2026-09-01,AUCPH,CJCHAPADINHA,0.0,0.0,
2026-09-01,AUSDJ,CJ JAIBA V,109356.5,32805.5,0.2999867406144125
2026-09-01,AUSDP1,UFV SOL DO PIAUI,9242.5,2821.0,0.305220449012713
2026-09-01,AUVDP2,CJ VENTOS DO PIAUI 2,0.0,0.0,
2026-09-01,AUVDP3,CJ VENTOS DO PIAUI III,0.0,0.0,
2026-09-01,B3FSA,CJ FRANCISCO SA,19049.5,5860.5,0.30764586997034044
2026-09-01,B3UJAI,CJF JAIBA,26673.0,8122.5,0.3045214261612867
2026-09-01,BB4EOUR,CJE Ourolândia II 230kV,0.0,0.0,
2026-09-01,BBASO,CJF ASSU SOL 500 kV,178699.0,63485.0,0.35526220068383146
2026-09-01,BBASSV,UFV ASSU V,7085.0,2442.5,0.344742413549753
2026-09-01,BBCLA,CJE CAMPO LARGO ANTIGO,0.0,0.0,
2026-09-01,BBCLA2,CJE CAMPO LARGO 2,0.0,0.0,
2026-09-01,BBE4CLA,CJE CAMPO LARGO,84450.0,5301.0,0.0627708703374778
2026-09-01,BBECLA,CJE Campo Largo 230kV,300084.5,27815.0,0.09269055882593069
2026-09-01,BBSAG,CJE Santo Agostinho,142756.5,30830.0,0.21596214533138597
2026-09-01,BBSAR,CJE SERRA DO ASSURUA,330650.5,29131.5,0.08810360183940445
2026-09-01,BBSSB,CJF SERTAO SOLAR BARREIRAS,20371.5,6212.5,0.3049603612890558
2026-09-01,BBTRA,CJE TRAIRI,88347.5,11789.5,0.13344463623758454
2026-09-01,BBUBN,CJE UMBURANAS,48797.0,3233.5,0.06626431952783983
2026-09-01,BBUEBB,BEBERIBE,0.0,0.0,
2026-09-01,BBUEFL,FLEXEIRAS,0.0,0.0,
2026-09-01,BBUEGU,GUAJIRU,0.0,0.0,
2026-09-01,BBUEMU,MUNDAU,0.0,0.0,
2026-09-01,BBUEPS,PEDRA SAL,0.0,0.0,
2026-09-01,BBUETR,TRAIRI,0.0,0.0,
2026-09-01,BBUFPU,CJF PARACATU,70183.0,21761.0,0.31006084094438824
2026-09-01,BEJAN,CJ JANAUBA,266703.0,79091.0,0.29655084494737594
2026-09-01,BFCGPN,CJPLANALTINA,0.0,0.0,
2026-09-01,BFCSER,CJ OESTE SERIDO,118843.5,10582.5,0.08904567771901703
2026-09-01,BFIGGU,CJGUIRAPA,0.0,0.0,
2026-09-01,BFIGLA,CJLALMEIDA,0.0,0.0,
2026-09-01,BFIGNC,CJNSCONCEICAO,0.0,0.0,
2026-09-01,BFIGP,CJ IGAPORA,120074.0,11635.5,0.09690274330829322
2026-09-01,BFRENS,CJE RENASCENCA,46753.5,5806.5,0.1241939106163175
2026-09-01,BFUFAL,CJ ALEX,64767.0,20144.5,0.31103030864483455
2026-09-01,BIAUD,CJE ACARAU II,29542.0,4533.5,0.15345948141628868
2026-09-01,BICEAD,CJPAPAGAIO,20975.5,3021.0,0.14402517222473837
2026-09-01,BIUEBU,BURITI,0.0,0.0,
2026-09-01,BIUECO,COQUEIROS,0.0,0.0,
2026-09-01,BJUEBJ,CJBOMJARDIM,18558.0,2053.5,0.11065308761720014
2026-09-01,BLUEM1,MSECO1,0.0,0.0,
2026-09-01,BLUEM2,MSECO2,0.0,0.0,
2026-09-01,BLUEM3,MSECO3,0.0,0.0,
2026-09-01,BLUEM5,MSECO5,0.0,0.0,
2026-09-01,BWUERT,REI VENTOS 3,10899.0,2497.5,0.2291494632535095
2026-09-01,BWUERU,REI VENTOS 1,10359.0,2295.5,0.2215947485278502
2026-09-01,C0BELM,Conjunto solar Belmonte,108621.0,32598.0,0.30010771397796004
2026-09-01,C0LINS,CFV Lins,33029.0,9427.0,0.28541584668019016
2026-09-01,C1SJP,FVSJP,41498.0,12647.5,0.3047737240348932
2026-09-01,CFCEAT,CJATLANTICA,25424.5,2775.0,0.10914668921709375
2026-09-01,CHCND,CJE CASA NOVA II,26200.5,2037.5,0.07776569149443713
2026-09-01,CHGPX,CJE GPEXPAN,35896.5,2844.5,0.07924170880169376
2026-09-01,CLARD,CJARACATI2,46524.0,4202.0,0.09031897515260941
2026-09-01,CLBSUL,CJEBLOCOSUL,50383.0,5645.0,0.11204176011749994
2026-09-01,CLCECV,CJCAMPOVENTOS,30197.5,3613.5,0.1196622236940144
2026-09-01,CLCEE1,EURUS I,0.0,0.0,
2026-09-01,CLCEE3,EURUS III,0.0,0.0,
2026-09-01,CLCHE,CJ P CHEIROSA,18659.0,2162.5,0.11589581435232328
2026-09-01,CLECBR,C.BRANCA,0.0,0.0,
2026-09-01,CLECV2,C.VENTOS 2,0.0,0.0,
2026-09-01,CLEJUR,JUREMA,0.0,0.0,
2026-09-01,CLEMAC,MACACOS,0.0,0.0,
2026-09-01,CLEPEP,PEDRA PRETA,0.0,0.0,
2026-09-01,CLGAM,CJ GAMELEIRA,26078.5,3560.5,0.1365300918381042
2026-09-01,CLJCCP,CJMACACOS,22356.5,2562.0,0.1145975443383356
2026-09-01,CLJCDV,CJE MORRO DOS VENTOS II,27642.0,3379.5,0.12225960494899067
2026-09-01,CLMVNT,CJE MORRO DOS VENTOS,40652.5,9105.0,0.2239714654695283
2026-09-01,CLSCLA,CJSCLARA,39631.0,9015.5,0.2274860588932906
2026-09-01,CLUEBV,B.VENTOS,0.0,0.0,
2026-09-01,CLUEC1,S CLARA I,0.0,0.0,
2026-09-01,CLUEC2,S CLARA II,0.0,0.0,
2026-09-01,CLUEC3,S CLARA III,0.0,0.0,
2026-09-01,CLUEC4,S CLARA IV,0.0,0.0,
2026-09-01,CLUEC5,S CLARA V,0.0,0.0,
2026-09-01,CLUEC6,S CLARA VI,0.0,0.0,
2026-09-01,CLUECQ,C.QUEBRADA,0.0,0.0,
2026-09-01,CLUEEN,ENACEL,0.0,0.0,
2026-09-01,CLUEFO,FORMOSA,30732.5,5224.5,0.1699991865289189
2026-09-01,CLUEIC,ICARAIZINHO,22652.0,3027.5,0.13365265760197775
2026-09-01,CLUER6,EURUS VI,0.0,0.0,
2026-09-01,CMJSNU,CJF Três Marias,8971.0,2630.0,0.2931668710288708
2026-09-01,CN4FRSD,CJF Russas II 230 kV,25184.0,7454.0,0.2959815756035578
2026-09-01,CNLBI,CJ LAGOA DO BARRO I,110089.0,11547.0,0.10488786345593111
2026-09-01,CNTQN,CJ TANQUE NOVO,53322.5,3738.5,0.0701111163205026
2026-09-01,CQAVD,CJ Aventura II,45081.5,10187.5,0.22597961469782504
2026-09-01,CQCUT,CJ CUTIA,93373.5,12184.0,0.1304867012589225
2026-09-01,CQEAB1,A BRANCA I,0.0,0.0,
2026-09-01,CQEAB2,A BRANCA II,0.0,0.0,
2026-09-01,CQEAB3,A BRANCA III,0.0,0.0,
2026-09-01,CQEEU4,EURUS IV,0.0,0.0,
2026-09-01,CQESHE,S HELENA,0.0,0.0,
2026-09-01,CQESMA,S MARIA,0.0,0.0,
2026-09-01,CQESUR,VS URIEL,0.0,0.0,
2026-09-01,CQJCCO,CJBPOTIGUAR1,50323.5,5817.0,0.11559211899013383
2026-09-01,CQJDA,CJ JANDAIRA I,35532.0,8072.0,0.22717550377124845
2026-09-01,CQSMN,CJ SANTA ROSA MUNDO NOVO,72881.5,7372.5,0.10115735817731523
2026-09-01,CRUEGG,GARGAU,0.0,0.0,
2026-09-01,CV4FBBC,CJF BABILONIA CENTRO,26652.5,6509.5,0.24423600037519932
2026-09-01,CV4FBBS,CJF Babilonia Sul,14053.5,3818.0,0.2716760949229729
2026-09-01,CV4FINO,CJF INOCENCIA 230 kV,42423.0,11998.0,0.28281828253541713
2026-09-01,CV4FRBE,CJF Rio Brilhante 230kV,45420.5,10920.5,0.24043108288107792
2026-09-01,CV5ETGS,CJE SERRA DO TIGRE,302428.0,27424.0,0.0906794344439007
2026-09-01,CVBBC,CJE BABILONIA CENTRO,233576.5,19255.5,0.08243765961044883
2026-09-01,CVBBS,CJ BABILONIA SUL,157820.0,13611.5,0.0862469902420479
2026-09-01,CVFLS,CJ FOLHA LARGA SUL,66571.0,6339.0,0.09522164305778792
2026-09-01,CVRDV,CJ RIO DO VENTO,219551.0,24174.5,0.11010881298650428
2026-09-01,CVRVE,CJ Rio do Vento Exp,230398.5,25233.0,0.10951894218061316
2026-09-01,CVUMR,CJ UMARI,88224.5,8486.5,0.09619210083366865
2026-09-01,CYBAB,CJ BABILONIA,57827.5,4661.5,0.08061043621114522
2026-09-01,D1ORYP,OROYTE,0.0,0.0,
2026-09-01,D2APEA,APE GAZIN MÓVEIS (MATRIZ),0.0,0.0,
2026-09-01,D2APEG,APE GAZIN MOLAS,0.0,0.0,
2026-09-01,D2EOLI,Eólio - Elétrica de Palmas,0.0,0.0,
2026-09-01,D2PORM,Pormade,0.0,0.0,
2026-09-01,D3APEH,APE HCR MARAU,0.0,0.0,
2026-09-01,D3APEK,Ape Kiformaggio,0.0,0.0,
2026-09-01,D3APES,Ape Ksd Metais,0.0,0.0,
2026-09-01,D3CAXI,Caxiense,0.0,0.0,
2026-09-01,D3COOP,Coopermaçã,0.0,0.0,
2026-09-01,D3DACO,Dacolonia,0.0,0.0,
2026-09-01,D3FAZD,Fazenda Rosário 3,2983.5,0.0,0.0
2026-09-01,D3FAZE,Fazenda Rosário,1782.5,0.0,0.0
2026-09-01,D3FAZN,Fazenda Rosário 2,4600.0,0.0,0.0
2026-09-01,D3MADE,Madesa,0.0,0.0,
2026-09-01,D3MERC,Mercur Solar,0.0,0.0,
2026-09-01,D3PALO,Palotti Ape,0.0,0.0,
2026-09-01,D3PARQ,Parque Eólico de Palmares,1447.0,0.0,0.0
2026-09-01,D4EOLC,EÓLICA DE BOM JARDIM,0.0,0.0,
2026-09-01,D4EOLI,Eólica Água Doce,1561.0,0.0,0.0
2026-09-01,D4ESTU,Estrutural Zortea,0.0,0.0,
2026-09-01,D4HBRE,H Bremer & Filhos,0.0,0.0,
2026-09-01,D4INTE,Intelbras,0.0,0.0,
2026-09-01,D4LAIR,Laire Ind. de Emb. Plásticas,0.0,0.0,
2026-09-01,D4LAMI,Laminados Mocelin,0.0,0.0,
2026-09-01,D4MEGA,MEGAWATT SOLAR,0.0,0.0,
2026-09-01,D4NOVA,Nova Aurora,0.0,0.0,
2026-09-01,D4PARQ,Parque Eólico do Horizonte,672.0,0.0,0.0
2026-09-01,D4TUBR,Tubarão P&D 2,0.0,0.0,
2026-09-01,D4VENT,Vento Meridional Oeste I,0.0,0.0,
2026-09-01,D5MOGA,Mogano Energia,0.0,0.0,
2026-09-01,D5MOVE,Moveis Paulo,0.0,0.0,
2026-09-01,D5TUBA,Tubarão P&D,0.0,0.0,
2026-09-01,DS4FBMC,CJF Brotas de Macaubas 230kV,9552.0,2501.5,0.2618823283082077
2026-09-01,DSBMC,CJE BROTAS DE MACAUBAS,79083.5,6310.5,0.07979540612137803
2026-09-01,DSJER,CJ JERUSALEM,93392.0,20317.5,0.21755075381188968
2026-09-01,DSMRRC,CJF Serrita,9918.5,2795.0,0.2817966426374956
2026-09-01,DSUENH,N.HORIZONTE,0.0,0.0,
2026-09-01,DSUESE,SEABRA,0.0,0.0,
2026-09-01,DSVSE,CJ SANTA EUGENIA,194672.0,14406.0,0.07400139722199392
2026-09-01,EFEVDI,VENTOS INDIOS,0.0,0.0,
2026-09-01,EFEVSI,VENTOS LITORAL,0.0,0.0,
2026-09-01,EFEVSO,VENTOS SUL,0.0,0.0,
2026-09-01,EFEVSS,VENTOS LAGOA,0.0,0.0,
2026-09-01,EFLBA,CJLBARROS,41062.0,4660.5,0.11349909892357898
2026-09-01,EIVIA3,CJVIAMAO3,11240.5,1343.5,0.11952315288465816
2026-09-01,EJCPIR,CJPIRAPORA 2,66115.5,20170.5,0.3050797468067246
2026-09-01,EJCST3,CJ CASTILHO,21767.5,5729.5,0.26321350637418167
2026-09-01,EJPR4,CJF PARACATU 4 500KV,4157.5,504.0,0.12122669873722189
2026-09-01,EJSDA1,CJE SERRA DAS ALMAS II 500 kV,103054.0,9262.0,0.08987521105439866
2026-09-01,EJUFD,CJDRACENA,10727.0,3502.0,0.3264659270998415
2026-09-01,EJVZP,CJF Varzea da Palma 7,20862.5,6310.5,0.30248052726183344
2026-09-01,EJVZPQ,CJ Helio Valgas,108962.0,33330.5,0.3058910445843505
2026-09-01,EQ2ESSA,CJE SERRA DE SANTANA,82528.0,15293.0,0.185306804963164
2026-09-01,EQ5ESMB,CJ SERRA DO MEL B,217129.5,16475.0,0.07587637792193139
2026-09-01,EQBRD,CJF BARREIRAS II 500KV,85372.5,26204.0,0.306937245600164
2026-09-01,EQRG3,CJF Ribeiro Gonçalves,50842.5,15595.5,0.3067414072872105
2026-09-01,EQSDMB,CJ SERRA DO MEL B ANT,0.0,0.0,
2026-09-01,EQSM2B,CJ SERRA DO MEL II B,0.0,0.0,
2026-09-01,EQSNT3,CJSSANTANA3,0.0,0.0,
2026-09-01,EQSRO,CJSROSALIA,59254.5,5926.5,0.1000177201731514
2026-09-01,EQST12,CJSSANTANA12,0.0,0.0,
2026-09-01,EQVCLE,CJSCLEMENTE,75019.5,6016.0,0.08019248328767854
2026-09-01,ESCNG,CJE LIVRAMENTO 3,69048.5,6157.5,0.08917644843841648
2026-09-01,ESECC1,C.CHATO1,0.0,0.0,
2026-09-01,ESECC2,C.CHATO2,0.0,0.0,
2026-09-01,ESECC3,C.CHATO3,0.0,0.0,
2026-09-01,ESECC4,CJE CERRO CHATO,35893.5,3293.0,0.09174363046233998
2026-09-01,F2JOFE,Jofege Mineracao,0.0,0.0,
2026-09-01,F2PERA,Perola Br 060,0.0,0.0,
2026-09-01,F2PERL,Perola Av Comercial,0.0,0.0,
2026-09-01,F2PERO,Perola Av Brasil,0.0,0.0,
2026-09-01,F2PERR,Perola Rua Luziania,0.0,0.0,
2026-09-01,F3DVMS,Dvm Solar I,0.0,0.0,
2026-09-01,F3TPZO,TOPAZIO I,0.0,0.0,
2026-09-01,F4CALC,CALCÁRIO TANGARÁ,0.0,0.0,
2026-09-01,F4CCCP,UFV CALCARIO COPACEL,0.0,0.0,
2026-09-01,F4CCMT,UFV CALCARIO MATO GROSSO,0.0,0.0,
2026-09-01,F4CERA,CERAMICA JUSCIMEIRA,0.0,0.0,
2026-09-01,F4COPA,Copacel,0.0,0.0,
2026-09-01,F4DUAL,Dual Cnp,0.0,0.0,
2026-09-01,F4DUAP,Dual Pp,0.0,0.0,
2026-09-01,F4FACU,FACULDADE CATHEDRAL,0.0,0.0,
2026-09-01,F4FAZN,FAZENDA SOLAR,0.0,0.0,
2026-09-01,F4FERM,FERMAP ARMAZÉNS GERAIS,0.0,0.0,
2026-09-01,F4TEMP,TEMPERMAT,0.0,0.0,
2026-09-01,F6BRIT,BURITIS,669.0,0.0,0.0
2026-09-01,F6KAPA,Kapa Zero,0.0,0.0,
2026-09-01,F6MADI,MACHADINHO,836.0,0.0,0.0
2026-09-01,F6USFB,USF-BERNARDO ALIMENTOS,56.5,0.0,0.0
2026-09-01,F7SOLM,SOL MAIOR,1056.5,0.0,0.0
2026-09-01,FBCHN,CJ CHAFARIZ NORTE,43755.5,3567.5,0.0815326073293643
2026-09-01,FBCHS,CJ CHAFARIZ SUL I,41933.0,3109.0,0.07414208380034817
2026-09-01,FBCHSD,CHAFARIZ SUL II,43997.0,3552.0,0.08073277723481147
2026-09-01,FBLZA,CJ Luzia,21243.0,6451.0,0.3036765052017135
2026-09-01,FBOIT,CJ Oitis,195352.0,19360.0,0.09910315737745198
2026-09-01,GEDREN,CJOLHOdAGUA,21879.0,2281.0,0.10425522190228073
2026-09-01,GEECVA,CTV_ACARAU_I,2761.5,425.5,0.1540829259460438
2026-09-01,GEEPR1,RENASCENCA1,0.0,0.0,
2026-09-01,GEEPR2,RENASCENCA2,0.0,0.0,
2026-09-01,GEEPR3,RENASCENCA3,0.0,0.0,
2026-09-01,GEEPR4,RENASCENCA4,0.0,0.0,
2026-09-01,GEEVSM,VSMIGUEL,0.0,0.0,
2026-09-01,GEUEBV,BOA VISTA,0.0,0.0,
2026-09-01,GEUEFA,FAROL,0.0,0.0,
2026-09-01,GEUEOD,OLHO DAGUA,0.0,0.0,
2026-09-01,GEUESB,S BENTO N,0.0,0.0,
2026-09-01,GEWND1,CJBWGUIRAPA1,34010.5,2974.0,0.08744358359918261
2026-09-01,GEWND2,CJBWGUIRAPA2,33496.0,3222.0,0.09619058992118462
2026-09-01,GLCHP2,CJCHAPADA2,81812.0,8355.0,0.10212438273113969
2026-09-01,GLCHP3,CJCHAPADA3,84826.5,8219.5,0.09689778547977342
2026-09-01,GLEAB4,A.BRANCA 4,0.0,0.0,
2026-09-01,GLEAB5,A.BRANCA 5,0.0,0.0,
2026-09-01,GLEAB6,A.BRANCA 6,0.0,0.0,
2026-09-01,GLEAB7,A.BRANCA 7,0.0,0.0,
2026-09-01,GLEAB8,A.BRANCA 8,0.0,0.0,
2026-09-01,GLJCAB,CJE ASA BRANCA,37808.0,4265.5,0.11282003808717732
2026-09-01,GSCPD,CJCABPRETO2,47730.5,5398.5,0.11310378060150218
2026-09-01,GTCUFG,CJGUAIMBE,19744.5,6576.0,0.33305477474739803
2026-09-01,GTUFBH,CJBOAHORA,29659.5,9239.5,0.3115190748326843
2026-09-01,I1ACOM,UFV ACOMAIS,0.0,0.0,
2026-09-01,I1BOND,Bonde Mais I,0.0,0.0,
2026-09-01,I1CARA,UFV CARAPITANGA,0.0,0.0,
2026-09-01,I1CITE,CITEPE,0.0,0.0,
2026-09-01,I1COMP,UFV COMPESA SEDE,0.0,0.0,
2026-09-01,I1FAZE,Fazenda Esmeralda,5037.5,0.0,0.0
2026-09-01,I1FEDE,Federal,0.0,0.0,
2026-09-01,I1FERR,Ferreira Costa Caruaru,18.0,0.0,0.0
2026-09-01,I1GRVT,Gravatá Fruitrade,1129.0,0.0,0.0
2026-09-01,I1IBM1,IBIMIRIM 1,749.0,0.0,0.0
2026-09-01,I1IBM2,IBIMIRIM 2,792.5,0.0,0.0
2026-09-01,I1IBM3,IBIMIRIM 3,424.0,0.0,0.0
2026-09-01,I1IBM4,IBIMIRIM 4,800.0,0.0,0.0
2026-09-01,I1IBM5,IBIMIRIM 5,803.0,0.0,0.0
2026-09-01,I1IBM6,IBIMIRIM 6,798.0,0.0,0.0
2026-09-01,I1IBM7,IBIMIRIM 7,804.0,0.0,0.0
2026-09-01,I1IBM8,IBIMIRIM 8,803.5,0.0,0.0
2026-09-01,I1IBM9,IBIMIRIM 9,477.0,0.0,0.0
2026-09-01,I1IPLA,Iplac Industria,0.0,0.0,
2026-09-01,I1MAND,Mandacaru,959.0,0.0,0.0
2026-09-01,I1MARA,Maravilhas I,3602.5,0.0,0.0
2026-09-01,I1MARV,Maravilhas II,4405.0,0.0,0.0
2026-09-01,I1MODA,Moda Center,0.0,0.0,
2026-09-01,I1OURB,Ouro Branco 2,12225.0,0.0,0.0
2026-09-01,I1OURO,Ouro Branco 1,12037.5,0.0,0.0
2026-09-01,I1PINC,Pincéis Roma Pe,0.0,0.0,
2026-09-01,I1PIRA,Pirauá,1289.0,0.0,0.0
2026-09-01,I1QUAT,Quatro Ventos,8010.0,0.0,0.0
2026-09-01,I1SHOP,Shopping Cidade,0.0,0.0,
2026-09-01,I1SNTM,Santa Maria,784.0,0.0,0.0
2026-09-01,I1SOLA,Solar Salgueiro,7161.5,0.0,0.0
2026-09-01,I1SOLR,Solar Salgueiro II,7029.0,0.0,0.0
2026-09-01,I1VENO,Venosan,0.0,0.0,
2026-09-01,I1XAVA,Xavante,806.5,0.0,0.0
2026-09-01,I2AERO,Aeroporto De Salvador,0.0,0.0,
2026-09-01,I2BARR,Barra dos Coqueiros,6714.5,0.0,0.0
2026-09-01,I2FERR,Ferreira Costa Aracaju,0.0,0.0,
2026-09-01,I2PPCH,PLASCHIO PLASTICOS CHIACCHIO,0.0,0.0,
2026-09-01,I2PRSE,PRIME SEAFOOD,0.0,0.0,
2026-09-01,I3ASSU,Assuruá,6489.0,0.0,0.0
2026-09-01,I3EVB2,Ventos da Bahia II,12257.0,0.0,0.0
2026-09-01,I3EVB4,Ventos da Bahia IV,5450.5,0.0,0.0
2026-09-01,I3EVB8,Ventos da Bahia VIII,12468.0,0.0,0.0
2026-09-01,I3PDR3,Pedra do Reino III,6945.5,0.0,0.0
2026-09-01,I3PEDD,Pedra do Reino IV,9444.5,0.0,0.0
2026-09-01,I3PEDO,Pedra do Reino,10405.0,0.0,0.0
2026-09-01,I3PEDR,Pedra do Reino V,8258.5,0.0,0.0
2026-09-01,I3SOBO,Sobrado 1,7644.0,0.0,0.0
2026-09-01,I3VERD,Verde Vale III,3192.0,0.0,0.0
2026-09-01,I4ALBA,Albatroz,1069.5,0.0,0.0
2026-09-01,I4ARAT,Aratuá I,4962.0,0.0,0.0
2026-09-01,I4ARIZ,Arizona 1,5935.0,0.0,0.0
2026-09-01,I4ATLA,Atlântica,1096.5,0.0,0.0
2026-09-01,I4CAMU,Camurim,1130.5,0.0,0.0
2026-09-01,I4CANO,Canoas,12584.5,0.0,0.0
2026-09-01,I4CARA,Caravela,1043.5,0.0,0.0
2026-09-01,I4COEH,Coelhos II,1182.0,0.0,0.0
2026-09-01,I4COEL,Coelhos III,737.5,0.0,0.0
2026-09-01,I4COEO,Coelhos IV,933.5,0.0,0.0
2026-09-01,I4COES,Coelhos I,1066.5,0.0,0.0
2026-09-01,I4EDRC,Edr Construções,283.5,0.0,0.0
2026-09-01,I4FER2,Ferreira Costa João Pessoa,279.5,0.0,0.0
2026-09-01,I4FERR,Ferreira Costa Natal,0.0,0.0,
2026-09-01,I4FILI,Filial Polpa De Frutas,0.0,0.0,
2026-09-01,I4INDU,Industrias Becker I,0.0,0.0,
2026-09-01,I4LAGO,Lagoa 2,11654.5,0.0,0.0
2026-09-01,I4MATA,Mataraca,754.0,0.0,0.0
2026-09-01,I4MIAS,Miassaba II,5615.0,0.0,0.0
2026-09-01,I4MILL,Millennium,2691.5,0.0,0.0
2026-09-01,I4PARQ,Parque Eólico Cabeço Preto IV,8928.5,0.0,0.0
2026-09-01,I4PARU,Parque Eólico Cabeço Preto,9035.5,0.0,0.0
2026-09-01,I4POLA,Polpa Ideal Ii,0.0,0.0,
2026-09-01,I4POLP,Polpa Ideal I,0.0,0.0,
2026-09-01,I4PRES,Presidente,720.0,0.0,0.0
2026-09-01,I4SOLA,Solar Alto do Rodrigues,0.0,0.0,
2026-09-01,I4STEB,Sterbom Matriz,0.0,0.0,
2026-09-01,I4STER,Ster Bom Filial Casquinho,0.0,0.0,
2026-09-01,I4SUPE,Sup. Nord. Superfacil Rodov.,0.0,0.0,
2026-09-01,I4UERF,RN 15 - Rio do Fogo,7983.5,0.0,0.0
2026-09-01,I4VITO,Vitória,861.5,0.0,0.0
2026-09-01,I5ANGI,Angico I,5674.5,0.0,0.0
2026-09-01,I5BBR,Parque Eólico de Beberibe,9526.0,0.0,0.0
2026-09-01,I5DELT,Delta do Parnaíba,0.0,0.0,
2026-09-01,I5DUNA,Dunas de Paracuru,14938.0,0.0,0.0
2026-09-01,I5EOLI,Eólica Canoa Quebrada,3657.5,0.0,0.0
2026-09-01,I5FRC,Foz do Rio Choró,8625.0,0.0,0.0
2026-09-01,I5ICAR,Icaraí,8381.5,0.0,0.0
2026-09-01,I5LAGA,Lagoa 1,12712.0,0.0,0.0
2026-09-01,I5LGMO,Lagoa do Mato,1297.5,0.0,0.0
2026-09-01,I5MALT,Malta,5654.0,0.0,0.0
2026-09-01,I5MEL0,Mel 02,5358.0,0.0,0.0
2026-09-01,I5MUCU,Mucuripe,0.0,0.0,
2026-09-01,I5PRU,Eólica Paracuru,9828.5,0.0,0.0
2026-09-01,I5QUIX,Quixaba,8071.5,0.0,0.0
2026-09-01,I5RIOD,Rio do Peixe I,6552.5,0.0,0.0
2026-09-01,I5RIOO,Rio do Peixe II,6322.0,0.0,0.0
2026-09-01,I5SHOP,Shopping Serra Talhada,0.0,0.0,
2026-09-01,I5TAIA,Taíba,0.0,0.0,
2026-09-01,I5TAIB,Taíba Albatroz,5220.0,0.0,0.0
2026-09-01,I5TAUA,Tauá,0.0,0.0,
2026-09-01,I5UPRJ,Eólica Praias de Parajuru,10491.0,0.0,0.0
2026-09-01,I7DELT,Delta do Parnaíba,9771.0,0.0,0.0
2026-09-01,I7LUIG,Luiz Gonzaga II,6652.5,0.0,0.0
2026-09-01,I7LUIN,Luiz Gonzaga III,6649.0,0.0,0.0
2026-09-01,I7LUIO,Luiz Gonzaga I,6634.5,0.0,0.0
2026-09-01,I7PORD,Porto do Delta,19923.5,0.0,0.0
2026-09-01,I7PORO,Porto Salgado,9261.0,0.0,0.0
2026-09-01,I7PORT,Porto das Barcas,9930.5,0.0,0.0
2026-09-01,I7PSAL,Pedra do Sal,7558.5,0.0,0.0
2026-09-01,I7SERT,Sertão 1,7429.5,0.0,0.0
2026-09-01,I7SOBA,Sobral 1,7202.5,0.0,0.0
2026-09-01,I7TESA,Testa Branca III,13885.0,0.0,0.0
2026-09-01,I7TEST,Testa Branca I,13288.5,0.0,0.0
2026-09-01,IACEIG,ILHA GRANDE,0.0,0.0,
2026-09-01,IACETB,TAIBA AGUIA,0.0,0.0,
2026-09-01,IAERA1,RIACHAO1,0.0,0.0,
2026-09-01,IAERA2,RIACHAO2,0.0,0.0,
2026-09-01,IAERA4,RIACHAO4,0.0,0.0,
2026-09-01,IAERA6,RIACHAO6,0.0,0.0,
2026-09-01,IAERA7,RIACHAO7,0.0,0.0,
2026-09-01,IAFSBA,CJ SOL SAO BASILIO,40428.5,11580.5,0.28644396898227736
2026-09-01,IAICR,CJICARAI,50678.5,7077.5,0.13965488323450773
2026-09-01,IARIA,CJRIACHAO,29630.5,4299.0,0.14508698806972545
2026-09-01,IASABA,CJESBASILIO,0.0,0.0,
2026-09-01,IASBAE,CJ EOL SAO BASILIO,67598.5,6071.5,0.08981708173997943
2026-09-01,IATBA,CJTAIBA,24067.0,2971.0,0.12344704366975527
2026-09-01,IAUEAD,TAIBA ANDORINHA,0.0,0.0,
2026-09-01,IAUEBC,BOCA CORREGO,0.0,0.0,
2026-09-01,IAUECL,COLONIA,0.0,0.0,
2026-09-01,IAUEID,ICARAI 2,0.0,0.0,
2026-09-01,IAUEIU,ICARAI,0.0,0.0,
2026-09-01,IAUERB,RIBEIRAO,0.0,0.0,
2026-09-01,IDC245,CJCALANGO2,32052.5,6156.0,0.1920599017237345
2026-09-01,IDCA3,CJCALANGO3,25821.0,4406.5,0.17065566786723985
2026-09-01,IDCAL1,CJCALANGO1,21220.0,3930.5,0.18522620169651272
2026-09-01,IDCJCT,CJCAETITE123,31127.0,3487.5,0.11204099334982491
2026-09-01,IGCAJ1,CONJUNTO EOLICO CAJU,136668.5,26641.5,0.1949351898937941
2026-09-01,IGCTE,CJCAETITE,27026.5,2736.5,0.10125247442325125
2026-09-01,IGPND,CJPELOURINHO,19285.0,1907.0,0.0988851438942183
2026-09-01,IGTUC,CJ TUCANO,106384.5,5482.0,0.051530063120097384
2026-09-01,IGUEDP,CJ ARACAS,58820.5,6247.5,0.10621296996795335
2026-09-01,IGUEMI,MIASSABA3,16483.5,3745.0,0.22719689386356054
2026-09-01,IGUEMR,CJ MORRAO,42138.5,4267.5,0.1012731824815786
2026-09-01,IY3FIRE,CJF IRECE 138KV,24979.0,7151.0,0.2862804755995036
2026-09-01,IY4FJZD,CJF Juazeiro II 230kV,48187.0,12893.0,0.2675617905244153
2026-09-01,IYASRA,CJE GENTIO DO OURO I,135590.0,11866.0,0.08751382845342577
2026-09-01,IYBRI,CJF BRIGIDA,36780.5,10916.5,0.2968012941640271
2026-09-01,IYBST,CJF BOA SORTE,1749.5,197.0,0.1126036010288654
2026-09-01,IYCBS,CJE CACIMBAS,33839.5,3864.5,0.11420085994178401
2026-09-01,IYJZS,CJF JUAZEIRO SOLAR,0.0,0.0,
2026-09-01,IYJZS2,CJF JUAZEIRO SOLAR 2,0.0,0.0,
2026-09-01,IYLRA,CJE LARANJEIRAS,219048.5,20453.0,0.09337201578645825
2026-09-01,IYMTD,CJF Mauriti,49008.0,12676.0,0.25865164871041463
2026-09-01,IYPR4P,CJF Paracatu 4 Piloto,155352.5,44952.5,0.2893580727699908
2026-09-01,IYSDC,CJF SOL DO CERRADO,101696.0,29668.0,0.2917322215229704
2026-09-01,IYSDF,CJF SOL DO FUTURO,15140.0,4921.5,0.3250660501981506
2026-09-01,IYSPD,CJF SAO PEDRO,10617.5,3174.5,0.29898752060277844
2026-09-01,IYSVPA,CJE STA VITORIA DO PALMAR,3156.5,136.5,0.04324409947726913
2026-09-01,IYUEXG,XANGRILA,5182.5,632.5,0.12204534491075736
2026-09-01,IYUFLS,CJF LAR DO SOL,97628.0,30218.5,0.3095269799647642
2026-09-01,IYVST1,CJF VISTA ALEGRE - JANAUBA,159115.5,46862.5,0.29451876152857515
2026-09-01,MLEMAU,MALHADINHA1,8471.5,788.5,0.09307678687363513
2026-09-01,MMCTN,CJE CAETITE NORTE,71710.5,5250.5,0.0732180085203701
2026-09-01,MMMSC,CJE MANGUE SECO,25400.0,5240.0,0.2062992125984252
2026-09-01,MMRAL,CJFVRIOALTO,42794.0,17577.5,0.41074683366827125
2026-09-01,MPUEPM,P.MORGADO,0.0,0.0,
2026-09-01,MSABR,CJE AREIA BRANCA,17975.5,3082.0,0.17145559233401017
2026-09-01,MSCHP1,CJCHAPADA1,73734.0,7296.0,0.09895028073887216
2026-09-01,MSEBR,CJCAETES2,62167.0,4224.0,0.06794601637524732
2026-09-01,MSFLO,CJFVFLORESTA,17536.5,5696.0,0.32480825706383826
2026-09-01,MSFSA,CJFAISA,72755.0,10905.5,0.14989347811147
2026-09-01,MSUEAB,AREIA BRANCA,0.0,0.0,
2026-09-01,MSUEAP,S.A.PADUA,0.0,0.0,
2026-09-01,MSUEEM,EMBUACA,0.0,0.0,
2026-09-01,MSUEFC,FAISA V,0.0,0.0,
2026-09-01,MSUEFD,FAISA II,0.0,0.0,
2026-09-01,MSUEFQ,FAISA IV,0.0,0.0,
2026-09-01,MSUEFT,FAISA III,0.0,0.0,
2026-09-01,MSUEFU,FAISA I,0.0,0.0,
2026-09-01,MSUEMT,MAR TERRA,0.0,0.0,
2026-09-01,MSUESC,SAO CRISTOVAO,0.0,0.0,
2026-09-01,MSUESJ,SAP JORGE,0.0,0.0,
2026-09-01,MTQ69,CJQUINTA69,10866.0,1327.0,0.12212405669059452
2026-09-01,MVCEM1,M VENTOS 1,0.0,0.0,
2026-09-01,MVCEM3,M VENTOS 3,0.0,0.0,
2026-09-01,MVCEM4,M VENTOS 4,0.0,0.0,
2026-09-01,MVCEM6,M VENTOS 6,0.0,0.0,
2026-09-01,MVCEM9,M VENTOS 9,0.0,0.0,
2026-09-01,MXFFUT,CJ FUTURA,153144.0,45820.0,0.29919552839157915
2026-09-01,NBUERF,RIO DO FOGO,0.0,0.0,
2026-09-01,NL4ETAT,CJE Tacaratu 230kV,71648.0,5585.0,0.0779505359535507
2026-09-01,NL5FGID,CJF GILBUES II 500KV,163180.5,48038.5,0.29438872904544355
2026-09-01,NLCCRI,CJE CRISTAL,38961.5,3574.5,0.09174441435776343
2026-09-01,NLCMR,CJ CUMARU,60111.0,12191.0,0.20280813827751992
2026-09-01,NLCVNT,CJCURVAVENTO,18879.0,1730.0,0.09163620954499709
2026-09-01,NLDFN,CJDELFINA,81342.0,8215.0,0.10099333677558948
2026-09-01,NLEMS2,CJ MORRO DO CHAPEU SUL II,164956.0,12630.5,0.07656890322267756
2026-09-01,NLETAT,CJ EOL TACARATU,0.0,0.0,
2026-09-01,NLFNVT,CJTACARATU,0.0,0.0,
2026-09-01,NLFTAT,CJ SOL TACARATU,562.5,161.0,0.2862222222222222
2026-09-01,NLFVD,CJ FONTE DOS VENTOS II,0.0,0.0,
2026-09-01,NLHZT,CJHORIZONTE,18532.5,5557.5,0.2998785916632942
2026-09-01,NLLDV,CJ Lagoa dos Ventos,306063.0,29789.5,0.09733126839898976
2026-09-01,NLLDV1,CJ LAGOA DOS VENTOS 1,0.0,0.0,
2026-09-01,NLLDV2,CJ LAGOA DOS VENTOS 2,0.0,0.0,
2026-09-01,NLLDV3,CJ LAGOA DOS VENTOS 3,0.0,0.0,
2026-09-01,NLMCS,CJ MORRO DO CHAPEU SUL,79606.5,6958.5,0.08741120385898137
2026-09-01,NLMODL,CJMODELO,13533.5,2961.0,0.218790408985111
2026-09-01,NLOUR,CJ OUROLANDIA II,248495.5,21923.0,0.08822292556605653
2026-09-01,NLSEAZ,CJSERRAAZUL,34993.5,2497.5,0.07137039735950962
2026-09-01,NLSGO,CJSAOGONCALO,0.0,0.0,
2026-09-01,NLSGOA,CJ SAO GONCALO A,0.0,0.0,
2026-09-01,NLTBV,CJFVITUVERAVA,45924.5,13999.0,0.3048263998519309
2026-09-01,NLUECR,CRISTAL,0.0,0.0,
2026-09-01,NLUEJO,JOANA,0.0,0.0,
2026-09-01,NLUEMD,MODELO II,0.0,0.0,
2026-09-01,NLUEMI,EMILIANA,0.0,0.0,
2026-09-01,NLUEMP,MODELO I,0.0,0.0,
2026-09-01,NLUEPF,PAU FERRO,0.0,0.0,
2026-09-01,NLUEPG,P GERONIMO,0.0,0.0,
2026-09-01,NLUEPR,PRIMAVERA,0.0,0.0,
2026-09-01,NLUESJ,S JUDAS,0.0,0.0,
2026-09-01,NLUETA,TACAICO,0.0,0.0,
2026-09-01,NLVSR,CJ VENTOS DE SAO ROQUE,308106.5,30458.5,0.09885705105215242
2026-09-01,NTMEND,CJF ACU III,104847.5,35646.5,0.33998426285796035
2026-09-01,NTUFUR,CJF Urucuia 2,18251.5,4980.0,0.27285428594910005
2026-09-01,OBQ138,CJQUINTA138,17578.0,2109.0,0.1199795198543634
2026-09-01,P1SPP,CJF Bom Nome,17057.0,5188.0,0.30415665122823476
2026-09-01,PFCAL,CJ CALCARIO,27037.0,8255.0,0.3053223360579946
2026-09-01,PPUEPP,P.PARAJURU,0.0,0.0,
2026-09-01,PUUEPU,PARACURU,0.0,0.0,
2026-09-01,RCUERC,F.R.CHORO,0.0,0.0,
2026-09-01,RFMNR,CJ MONTE DO RONCA,79751.5,17251.0,0.21630941110825502
2026-09-01,RGCABC,CJCAETITE A,20619.5,2227.5,0.10802880768204855
2026-09-01,RGITRU,CJITAREMA V,93548.0,12606.5,0.13475969555736092
2026-09-01,S1FMRG,CJF Marangatu,79451.0,24670.0,0.31050584637071904
2026-09-01,S1PTN,CJF Banabuiu,52931.0,16485.5,0.31145264589748917
2026-09-01,S34FICO,CJF Ico 230 kV,35798.0,10463.0,0.2922788982624728
2026-09-01,S3AFB,CJ AFONSO BEZERRA,52196.0,10441.0,0.20003448540118016
2026-09-01,S3FSEM,CJ UFV SERRA DO MATO,22553.5,6955.5,0.30840002660340965
2026-09-01,S3SEM,CJ SERRA DO MATO,46703.5,6632.5,0.1420129112379158
2026-09-01,S3SERA,CJ SERROTE A,73567.5,10900.0,0.1481632514357563
2026-09-01,SCPCEO,PC EOLICAS,0.0,0.0,
2026-09-01,SCPCSL,PC SOLAR,0.0,0.0,
2026-09-01,SGDLT,CJDELTA3,248606.0,28840.0,0.11600685421912585
2026-09-01,SSARI,CJ ARIZONA,100264.5,10003.5,0.09977110542614784
2026-09-01,SSSESE,CJPBRANCA,76758.5,7738.5,0.1008161962518809
2026-09-01,SSUE7G,Sete Gameleira,0.0,0.0,
2026-09-01,SSUEPB,Pedra Branca,0.0,0.0,
2026-09-01,SSUESP,S Pedro Lago,0.0,0.0,
2026-09-01,SWCVDB,CJVDABAHIA,0.0,0.0,
2026-09-01,T1SODA,CJF TACAIMBO,25256.0,7136.0,0.2825467215711118
2026-09-01,UVSMG,CJSMIGUEL,23381.0,5287.0,0.2261237757153244
2026-09-01,UVUE12,UVENTOS 12,0.0,0.0,
2026-09-01,UVUE13,UVENTOS 13,0.0,0.0,
2026-09-01,UVUE14,UVENTOS 14,0.0,0.0,
2026-09-01,UVUEV1,UVENTOS 1,0.0,0.0,
2026-09-01,UVUEV2,UVENTOS 2,0.0,0.0,
2026-09-01,UVUEV3,UVENTOS 3,0.0,0.0,
2026-09-01,UVUEV4,UVENTOS 4,0.0,0.0,
2026-09-01,UVUEV5,UVENTOS 5,0.0,0.0,
2026-09-01,UVUEV6,UVENTOS 6,0.0,0.0,
2026-09-01,UVUEV7,UVENTOS 7,0.0,0.0,
2026-09-01,UVUEV8,UVENTOS 8,0.0,0.0,
2026-09-01,UVUEV9,UVENTOS 9,0.0,0.0,
2026-09-01,UVUEVX,UVENTOS 10,0.0,0.0,
2026-09-01,UVUVNT,CJUVENTOS,72957.5,15685.0,0.21498817804886405
2026-09-01,VIANE,CJ ANEMUS,48560.5,9024.5,0.18584034348904974
2026-09-01,VIARP,CJE CURRAL NOVO PIAUI II 500KV,196331.5,20058.5,0.10216648882120291
2026-09-01,VICSDS,CJ SERRA DO SERIDO,174908.5,14126.0,0.0807622271073161
2026-09-01,VIECAD,CARCARA 2,0.0,0.0,
2026-09-01,VIECAU,CARCARA 1,0.0,0.0,
2026-09-01,VIETER,TERRAL,0.0,0.0,
2026-09-01,VIFLA,CJ FOLHA LARGA,153077.5,15144.0,0.09893028041351604
2026-09-01,VINHZ,CJE Novo Horizonte,164703.0,13737.5,0.08340770963491861
2026-09-01,VIPARN,CJPARANATAMA,78380.5,5787.0,0.07383213937139978
2026-09-01,VISDB,CJ SERRA DA BABILONIA,140507.0,11494.0,0.08180375354964521
2026-09-01,VISLDF5,CJ UFV Santa Luzia,36558.5,11072.0,0.3028570647045147
2026-09-01,VISPC,CJF SIMPLICE,25152.0,7720.0,0.30693384223918574
2026-09-01,VISSD,CJ SOL DO SERTAO,97530.0,29719.0,0.30471649748795243
2026-09-01,VISSDB,CJF SERRA BABILONIA,28356.5,8923.0,0.31467212103045156
2026-09-01,VISVT,CJ VT São Vitor,188430.5,18248.5,0.0968447252435248
2026-09-01,VITSN,CJ TERRA SANTA,26669.0,6018.5,0.22567400352469158
2026-09-01,VIVB2,CJVDABAHIA2,0.0,0.0,
2026-09-01,VIVB3,CJ VENTOS DA BAHIA III,0.0,0.0,
2026-09-01,VIVBA,CJE VENTOS DA BAHIA,117972.5,8860.0,0.07510224840534871
2026-09-01,VL4EMSD,CJE Mossoró II 230kV,150319.5,24906.5,0.16569041275416696
2026-09-01,VL5ESMA,CJ Serra do Mel A,252320.5,20133.5,0.07979335805057457
2026-09-01,VLAB2,CJ ABAIARA 230 KV,40440.5,12303.0,0.3042247252135854
2026-09-01,VLAMZ,CJAMAZONAS,0.0,0.0,
2026-09-01,VLAPA,CJF Jaguaruana II,47254.0,15149.0,0.32058661700596774
2026-09-01,VLARN,CJF Arinos 2,261928.0,77964.0,0.29765431721694513
2026-09-01,VLCAN,CJ CANUDOS I,40472.0,2888.5,0.07137033010476379
2026-09-01,VLCARC,CJCARCARA2,0.0,0.0,
2026-09-01,VLCFVB,CJF Barro Alto 230kV,80276.0,24292.0,0.30260600926802533
2026-09-01,VLCNB,CJCARNAUBAS,29278.0,3366.5,0.11498394699091467
2026-09-01,VLDRC,CJF DRACO,114276.5,34671.5,0.3034000866319847
2026-09-01,VLFIG,CJ FILGUEIRA,0.0,0.0,
2026-09-01,VLKW2W,CJE KAIROS,43745.0,3737.0,0.08542690593210653
2026-09-01,VLMNV,CJ MUNDO NOVO,41237.5,5182.5,0.12567444680206122
2026-09-01,VLSDMA,CJ SR DO MEL A  ANT,0.0,0.0,
2026-09-01,VLSDMC,CJ SERRA DO MEL C,106629.0,33237.0,0.3117069465154883
2026-09-01,VLSM2A,CJ SERRA DO MEL II A,0.0,0.0,
2026-09-01,VRUEVR,VOLTA RIO,0.0,0.0,
2026-09-01,VS5FRGV,CJF R. Gonçalves 500kV,54396.0,15610.0,0.28696963011986176
2026-09-01,VSBJL,CJFOTOBJL,8314.5,2606.0,0.31342834806663056
2026-09-01,VSCIR,CJ UFV Ciranda,58383.5,18003.5,0.3083662336105235
2026-09-01,VSJAN,CJ JANDAIA,48818.0,5561.0,0.11391290097914704
2026-09-01,VSLAV,CJ Lavras,41515.5,13283.0,0.31995278871746696
2026-09-01,VUARX,CJ ARAXA,17124.5,5418.0,0.31638879967298317
2026-09-01,VUJAI3,CJF Jaiba 138 kV,20394.0,6139.0,0.30101990781602433
2026-09-01,VUPED,CJ PEDRANOPOLIS,16158.5,5104.5,0.3159018473249373
2026-10-01,3N4EPND,CJEPindaí II 230kV,6896.5,604.5,0.08765315739868049
2026-10-01,3N5EIGT,CJE IGAPORÃ III 500 kV,15239.5,1123.5,0.07372289117097018
2026-10-01,3NABD,CJ Abil II,0.0,0.0,
2026-10-01,3NABL,CJ Abil I,0.0,0.0,
2026-10-01,3NFDS,CJ Folha da Serra,0.0,0.0,
2026-10-01,3NQUN,CJ Quina,0.0,0.0,
2026-10-01,3NTBD,CJ TAMBORIL II,3010.0,242.0,0.08039867109634552
2026-10-01,3NTBR,CJ Tamboril I,0.0,0.0,
2026-10-01,3RCEBF,BAIXAFEIJAO,8650.0,1135.0,0.13121387283236993
2026-10-01,3REMVD,CJ MONTE VERDE,33031.0,4101.5,0.12417123308407253
2026-10-01,3RMVS,CJ Monte Verde Solar,8940.5,2453.5,0.2744253677087411
2026-10-01,3RPB,CJ PEREIRA BARRETO,15051.0,4079.5,0.27104511328150954
2026-10-01,3RUECI,CIDREIRA,3208.0,310.0,0.09663341645885287
2026-10-01,A1BRAM,Brametal,0.0,0.0,
2026-10-01,A1DALL,Dallas Mineracao,0.0,0.0,
2026-10-01,A1FOSO,FORTLEV SOLAR I,0.0,0.0,
2026-10-01,A1GRAA,Gramazini Cdi,0.0,0.0,
2026-10-01,A1GRAM,Gramazini Solar Park,0.0,0.0,
2026-10-01,A1KINK,Kinka Regis,0.0,0.0,
2026-10-01,A1MAGI,MAGNITOS SOLAR,0.0,0.0,
2026-10-01,A1MAQS,Maqstone,0.0,0.0,
2026-10-01,A1MILA,Milanezi 1,0.0,0.0,
2026-10-01,A1NICC,Nicchio Sobrinho,0.0,0.0,
2026-10-01,A1QUAL,QUALITA GRANITOS,0.0,0.0,
2026-10-01,A1VITO,VITORIA STONE,0.0,0.0,
2026-10-01,A1ZUCC,Zucchi,0.0,0.0,
2026-10-01,A2BED,BELVEDERE 3,0.0,0.0,
2026-10-01,A2BEL,BELVEDERE 1,0.0,0.0,
2026-10-01,A2BEV,BELVEDERE 2,0.0,0.0,
2026-10-01,A2BOA,BOA ESPERANCA,3707.0,0.0,0.0
2026-10-01,A2CENR,CENTRAL MINEIRAO,0.0,0.0,
2026-10-01,A2COLE,COLETEK,0.0,0.0,
2026-10-01,A2COM,COROMANDEL 1,1311.5,0.0,0.0
2026-10-01,A2COR,COROMANDEL 2,1314.5,0.0,0.0
2026-10-01,A2FCR,FCR III Itapuranga,263.0,0.0,0.0
2026-10-01,A2GSI,GSII SOLAR 1,1195.5,0.0,0.0
2026-10-01,A2GSL,GSII SOLAR 3,1422.5,0.0,0.0
2026-10-01,A2GSO,GSII SOLAR 2,1196.5,0.0,0.0
2026-10-01,A2GUIA,GUIMARANIA 2,1311.0,0.0,0.0
2026-10-01,A2GUIM,GUIMARANIA 1,1287.0,0.0,0.0
2026-10-01,A2ITA1,Ita 01,153.5,0.0,0.0
2026-10-01,A2ITA2,Ita 02,151.5,0.0,0.0
2026-10-01,A2JOA,JOAO PINHEIRO 3,0.0,0.0,
2026-10-01,A2JOI,JOAO PINHEIRO 1,0.0,0.0,
2026-10-01,A2JOP,JOAO PINHEIRO 2,0.0,0.0,
2026-10-01,A2PED,PEDRO LEOPOLDO 1,2152.5,0.0,0.0
2026-10-01,A2PER,PEDRO LEOPOLDO 2,2182.5,0.0,0.0
2026-10-01,A2PON,PONTO CHIQUE 1,0.0,0.0,
2026-10-01,A2RACR,RACRI,0.0,0.0,
2026-10-01,A3UEGG,Gargaú,730.0,0.0,0.0
2026-10-01,A4ASSO,ASPERBRAS SOLAR,0.0,0.0,
2026-10-01,A4CANO,CANTO PORTO 02 - PIVÔ,0.0,0.0,
2026-10-01,A4CANP,CANTO PORTO - PORTARIA,0.0,0.0,
2026-10-01,A4CANR,CANTO PORTO - PISCINA,0.0,0.0,
2026-10-01,A4CANT,CANTO PORTO 01,0.0,0.0,
2026-10-01,A4ELGI,Elgin Mogi Das Cruzes,0.0,0.0,
2026-10-01,A4FLJM,FERRO LIGAS JUMIRIM,0.0,0.0,
2026-10-01,A4MARV,Marvi Solar,0.0,0.0,
2026-10-01,A4MINE,Mineradora Jp Ii,0.0,0.0,
2026-10-01,A4NTLI,NACIONAL TUBOS LIMEIRA,0.0,0.0,
2026-10-01,A4PRLN,PRALANA,0.0,0.0,
2026-10-01,A4PSL2,PROENCA SOLAR LOJA 20,0.0,0.0,
2026-10-01,A4REDE,Rede Zeferino S. J. Boa Vista,0.0,0.0,
2026-10-01,A4REDZ,Rede Zeferino Itapira,0.0,0.0,
2026-10-01,A4TANQ,TANQUINHO,0.0,0.0,
2026-10-01,A4ZODI,Zodiac Produtos Farmacêuticos,0.0,0.0,
2026-10-01,A5BRSU,Brisas Suaves,214.5,0.0,0.0
2026-10-01,ADUEAD,CJAGUADOCE,5492.0,435.5,0.07929715950473416
2026-10-01,AFJDT,CJ Jandaira III,4101.0,533.5,0.13009022189709826
2026-10-01,AFPTM,CJ PITOMBEIRA,8063.0,981.0,0.12166687337219398
2026-10-01,AFUPTM,UFV PITOMBEIRA,2110.5,545.0,0.25823264629234777
2026-10-01,AGACA,CONJUNTO EOLICO ACAUA,9015.0,649.5,0.07204658901830283
2026-10-01,AGFFDM,FLOR DE MANDACARU,40.0,7.0,0.175
2026-10-01,AGSTI,CJSINACIO,13414.5,955.5,0.0712288941071229
2026-10-01,ALUEA1,ALEGRIA,1793.0,236.0,0.1316229782487451
2026-10-01,ALUEA2,ALEGRIA 2,2965.0,394.5,0.1330522765598651
2026-10-01,ARBJU,CJFVBJESUS,2585.0,719.5,0.2783365570599613
2026-10-01,ARCRL,CJCRISTALANDIA,7648.5,611.5,0.07995031705563183
2026-10-01,ARJCAT,CJE RENASCENCA V,3094.0,407.0,0.13154492566257273
2026-10-01,ARLAP,CJFVLAPA,2777.5,744.0,0.26786678667866787
2026-10-01,ARMRRI,CJCFORMOSO,13791.5,1052.0,0.07627886741833738
2026-10-01,ARNVO,CJF NOVA OLINDA,9354.5,2473.5,0.2644181944518681
2026-10-01,ARUEER,EURUS II,0.0,0.0,
2026-10-01,ARUERN,RENASCENCA5,0.0,0.0,
2026-10-01,ATMRO2,CJMARMELEIRO2,0.0,0.0,
2026-10-01,AU4ECNP,CJE CURRAL NOVO PIAUI II 230KV,74371.5,7180.5,0.09654908130130493
2026-10-01,AUAR3,CJARARIPE3,0.0,0.0,
2026-10-01,AUCPH,CJCHAPADINHA,0.0,0.0,
2026-10-01,AUSDJ,CJ JAIBA V,21819.5,4965.0,0.22754875226288412
2026-10-01,AUSDP1,UFV SOL DO PIAUI,1986.5,496.5,0.24993707525799144
2026-10-01,AUVDP2,CJ VENTOS DO PIAUI 2,0.0,0.0,
2026-10-01,AUVDP3,CJ VENTOS DO PIAUI III,0.0,0.0,
2026-10-01,B3FSA,CJ FRANCISCO SA,3784.5,867.5,0.22922446822565729
2026-10-01,B3UJAI,CJF JAIBA,5135.5,1167.0,0.22724174861259858
2026-10-01,BB4EOUR,CJE Ourolândia II 230kV,0.0,0.0,
2026-10-01,BBASO,CJF ASSU SOL 500 kV,36050.0,9697.5,0.269001386962552
2026-10-01,BBASSV,UFV ASSU V,1436.0,394.5,0.2747214484679666
2026-10-01,BBCLA,CJE CAMPO LARGO ANTIGO,0.0,0.0,
2026-10-01,BBCLA2,CJE CAMPO LARGO 2,0.0,0.0,
2026-10-01,BBE4CLA,CJE CAMPO LARGO,0.0,0.0,
2026-10-01,BBECLA,CJE Campo Largo 230kV,86690.5,7044.5,0.08126034571262133
2026-10-01,BBSAG,CJE Santo Agostinho,26062.5,2950.0,0.11318944844124701
2026-10-01,BBSAR,CJE SERRA DO ASSURUA,67163.5,5164.5,0.07689444415493535
2026-10-01,BBSSB,CJF SERTAO SOLAR BARREIRAS,4129.5,1097.0,0.2656495943818864
2026-10-01,BBTRA,CJE TRAIRI,16743.5,1781.0,0.10636963597814077
2026-10-01,BBUBN,CJE UMBURANAS,0.0,0.0,
2026-10-01,BBUEBB,BEBERIBE,0.0,0.0,
2026-10-01,BBUEFL,FLEXEIRAS,0.0,0.0,
2026-10-01,BBUEGU,GUAJIRU,0.0,0.0,
2026-10-01,BBUEMU,MUNDAU,0.0,0.0,
2026-10-01,BBUEPS,PEDRA SAL,0.0,0.0,
2026-10-01,BBUETR,TRAIRI,0.0,0.0,
2026-10-01,BBUFPU,CJF PARACATU,12481.5,2963.5,0.2374313984697352
2026-10-01,BEJAN,CJ JANAUBA,54976.0,12698.5,0.2309826105937136
2026-10-01,BFCGPN,CJPLANALTINA,0.0,0.0,
2026-10-01,BFCSER,CJ OESTE SERIDO,22709.0,2223.5,0.09791272182835
2026-10-01,BFIGGU,CJGUIRAPA,0.0,0.0,
2026-10-01,BFIGLA,CJLALMEIDA,0.0,0.0,
2026-10-01,BFIGNC,CJNSCONCEICAO,0.0,0.0,
2026-10-01,BFIGP,CJ IGAPORA,23830.5,2037.0,0.08547869327122805
2026-10-01,BFRENS,CJE RENASCENCA,7937.5,1086.0,0.13681889763779528
2026-10-01,BFUFAL,CJ ALEX,12860.5,3191.5,0.24816297966642042
2026-10-01,BIAUD,CJE ACARAU II,6323.0,769.0,0.1216194844219516
2026-10-01,BICEAD,CJPAPAGAIO,4358.0,538.5,0.12356585589720055
2026-10-01,BIUEBU,BURITI,0.0,0.0,
2026-10-01,BIUECO,COQUEIROS,0.0,0.0,
2026-10-01,BJUEBJ,CJBOMJARDIM,3110.5,335.0,0.10769972673203665
2026-10-01,BLUEM1,MSECO1,0.0,0.0,
2026-10-01,BLUEM2,MSECO2,0.0,0.0,
2026-10-01,BLUEM3,MSECO3,0.0,0.0,
2026-10-01,BLUEM5,MSECO5,0.0,0.0,
2026-10-01,BWUERT,REI VENTOS 3,2155.0,252.5,0.11716937354988399
2026-10-01,BWUERU,REI VENTOS 1,2030.5,260.0,0.12804727899532134
2026-10-01,C0BELM,Conjunto solar Belmonte,22460.0,5539.5,0.24663846838824577
2026-10-01,C0LINS,CFV Lins,6651.5,1548.0,0.23272945952040894
2026-10-01,C1SJP,FVSJP,7977.0,2026.0,0.2539801930550332
2026-10-01,CFCEAT,CJATLANTICA,5521.0,509.5,0.09228400652055788
2026-10-01,CHCND,CJE CASA NOVA II,5450.0,547.5,0.10045871559633028
2026-10-01,CHGPX,CJE GPEXPAN,7983.5,471.0,0.05899668065384856
2026-10-01,CLARD,CJARACATI2,8757.0,583.0,0.06657531117962773
2026-10-01,CLBSUL,CJEBLOCOSUL,8343.0,1084.0,0.1299292820328419
2026-10-01,CLCECV,CJCAMPOVENTOS,5090.0,666.0,0.13084479371316307
2026-10-01,CLCEE1,EURUS I,0.0,0.0,
2026-10-01,CLCEE3,EURUS III,0.0,0.0,
2026-10-01,CLCHE,CJ P CHEIROSA,4068.0,505.0,0.12413962635201574
2026-10-01,CLECBR,C.BRANCA,0.0,0.0,
2026-10-01,CLECV2,C.VENTOS 2,0.0,0.0,
2026-10-01,CLEJUR,JUREMA,0.0,0.0,
2026-10-01,CLEMAC,MACACOS,0.0,0.0,
2026-10-01,CLEPEP,PEDRA PRETA,0.0,0.0,
2026-10-01,CLGAM,CJ GAMELEIRA,5399.5,723.5,0.13399388832299286
2026-10-01,CLJCCP,CJMACACOS,3819.0,444.5,0.11639172558261325
2026-10-01,CLJCDV,CJE MORRO DOS VENTOS II,4422.5,556.5,0.12583380440927078
2026-10-01,CLMVNT,CJE MORRO DOS VENTOS,6987.5,912.0,0.13051878354203936
2026-10-01,CLSCLA,CJSCLARA,6593.5,947.0,0.14362629862743612
2026-10-01,CLUEBV,B.VENTOS,0.0,0.0,
2026-10-01,CLUEC1,S CLARA I,0.0,0.0,
2026-10-01,CLUEC2,S CLARA II,0.0,0.0,
2026-10-01,CLUEC3,S CLARA III,0.0,0.0,
2026-10-01,CLUEC4,S CLARA IV,0.0,0.0,
2026-10-01,CLUEC5,S CLARA V,0.0,0.0,
2026-10-01,CLUEC6,S CLARA VI,0.0,0.0,
2026-10-01,CLUECQ,C.QUEBRADA,0.0,0.0,
2026-10-01,CLUEEN,ENACEL,0.0,0.0,
2026-10-01,CLUEFO,FORMOSA,5689.0,731.0,0.12849358410968537
2026-10-01,CLUEIC,ICARAIZINHO,4997.0,599.5,0.11997198318991395
2026-10-01,CLUER6,EURUS VI,0.0,0.0,
2026-10-01,CMJSNU,CJF Três Marias,1750.0,425.0,0.24285714285714285
2026-10-01,CN4FRSD,CJF Russas II 230 kV,4961.5,1132.0,0.22815680741711175
2026-10-01,CNLBI,CJ LAGOA DO BARRO I,17700.0,1881.5,0.10629943502824858
2026-10-01,CNTQN,CJ TANQUE NOVO,9369.5,640.0,0.06830673995410641
2026-10-01,CQAVD,CJ Aventura II,7517.0,1025.5,0.13642410536118132
2026-10-01,CQCUT,CJ CUTIA,17170.5,2319.0,0.1350572202323753
2026-10-01,CQEAB1,A BRANCA I,0.0,0.0,
2026-10-01,CQEAB2,A BRANCA II,0.0,0.0,
2026-10-01,CQEAB3,A BRANCA III,0.0,0.0,
2026-10-01,CQEEU4,EURUS IV,0.0,0.0,
2026-10-01,CQESHE,S HELENA,0.0,0.0,
2026-10-01,CQESMA,S MARIA,0.0,0.0,
2026-10-01,CQESUR,VS URIEL,0.0,0.0,
2026-10-01,CQJCCO,CJBPOTIGUAR1,8870.5,1126.5,0.12699396877289892
2026-10-01,CQJDA,CJ JANDAIRA I,6334.5,911.0,0.1438156129134107
2026-10-01,CQSMN,CJ SANTA ROSA MUNDO NOVO,13876.0,1304.5,0.0940112424329778
2026-10-01,CRUEGG,GARGAU,0.0,0.0,
2026-10-01,CV4FBBC,CJF BABILONIA CENTRO,5921.5,1263.0,0.21329055138056235
2026-10-01,CV4FBBS,CJF Babilonia Sul,3005.0,673.5,0.22412645590682195
2026-10-01,CV4FINO,CJF INOCENCIA 230 kV,7165.5,1678.5,0.2342474356290559
2026-10-01,CV4FRBE,CJF Rio Brilhante 230kV,9633.0,2234.0,0.23191113879372988
2026-10-01,CV5ETGS,CJE SERRA DO TIGRE,60133.5,5580.0,0.09279353438599117
2026-10-01,CVBBC,CJE BABILONIA CENTRO,48346.0,3959.0,0.08188888429239234
2026-10-01,CVBBS,CJ BABILONIA SUL,33381.5,3039.5,0.09105342779683358
2026-10-01,CVFLS,CJ FOLHA LARGA SUL,13051.5,1165.0,0.08926177067769989
2026-10-01,CVRDV,CJ RIO DO VENTO,38726.5,4473.5,0.11551521567918609
2026-10-01,CVRVE,CJ Rio do Vento Exp,44041.5,4916.0,0.11162199289306676
2026-10-01,CVUMR,CJ UMARI,17130.0,1482.0,0.08651488616462347
2026-10-01,CYBAB,CJ BABILONIA,11744.5,914.5,0.07786623525905743
2026-10-01,D1ORYP,OROYTE,0.0,0.0,
2026-10-01,D2APEA,APE GAZIN MÓVEIS (MATRIZ),0.0,0.0,
2026-10-01,D2APEG,APE GAZIN MOLAS,0.0,0.0,
2026-10-01,D2EOLI,Eólio - Elétrica de Palmas,0.0,0.0,
2026-10-01,D2PORM,Pormade,0.0,0.0,
2026-10-01,D3APEH,APE HCR MARAU,0.0,0.0,
2026-10-01,D3APEK,Ape Kiformaggio,0.0,0.0,
2026-10-01,D3APES,Ape Ksd Metais,0.0,0.0,
2026-10-01,D3CAXI,Caxiense,0.0,0.0,
2026-10-01,D3COOP,Coopermaçã,0.0,0.0,
2026-10-01,D3DACO,Dacolonia,0.0,0.0,
2026-10-01,D3FAZD,Fazenda Rosário 3,604.5,0.0,0.0
2026-10-01,D3FAZE,Fazenda Rosário,361.0,0.0,0.0
2026-10-01,D3FAZN,Fazenda Rosário 2,887.0,0.0,0.0
2026-10-01,D3MADE,Madesa,0.0,0.0,
2026-10-01,D3MERC,Mercur Solar,0.0,0.0,
2026-10-01,D3PALO,Palotti Ape,0.0,0.0,
2026-10-01,D3PARQ,Parque Eólico de Palmares,288.0,0.0,0.0
2026-10-01,D4EOLC,EÓLICA DE BOM JARDIM,0.0,0.0,
2026-10-01,D4EOLI,Eólica Água Doce,391.5,0.0,0.0
2026-10-01,D4ESTU,Estrutural Zortea,0.0,0.0,
2026-10-01,D4HBRE,H Bremer & Filhos,0.0,0.0,
2026-10-01,D4INTE,Intelbras,0.0,0.0,
2026-10-01,D4LAIR,Laire Ind. de Emb. Plásticas,0.0,0.0,
2026-10-01,D4LAMI,Laminados Mocelin,0.0,0.0,
2026-10-01,D4MEGA,MEGAWATT SOLAR,0.0,0.0,
2026-10-01,D4NOVA,Nova Aurora,0.0,0.0,
2026-10-01,D4PARQ,Parque Eólico do Horizonte,48.0,0.0,0.0
2026-10-01,D4TUBR,Tubarão P&D 2,0.0,0.0,
2026-10-01,D4VENT,Vento Meridional Oeste I,0.0,0.0,
2026-10-01,D5MOGA,Mogano Energia,0.0,0.0,
2026-10-01,D5MOVE,Moveis Paulo,0.0,0.0,
2026-10-01,D5TUBA,Tubarão P&D,0.0,0.0,
2026-10-01,DS4FBMC,CJF Brotas de Macaubas 230kV,2064.5,410.5,0.1988374909178978
2026-10-01,DSBMC,CJE BROTAS DE MACAUBAS,16409.5,1232.0,0.07507846064779548
2026-10-01,DSJER,CJ JERUSALEM,16366.0,1942.5,0.11869118905047049
2026-10-01,DSMRRC,CJF Serrita,2045.5,478.0,0.2336836959178685
2026-10-01,DSUENH,N.HORIZONTE,0.0,0.0,
2026-10-01,DSUESE,SEABRA,0.0,0.0,
2026-10-01,DSVSE,CJ SANTA EUGENIA,38231.5,2795.0,0.0731072544890993
2026-10-01,EFEVDI,VENTOS INDIOS,0.0,0.0,
2026-10-01,EFEVSI,VENTOS LITORAL,0.0,0.0,
2026-10-01,EFEVSO,VENTOS SUL,0.0,0.0,
2026-10-01,EFEVSS,VENTOS LAGOA,0.0,0.0,
2026-10-01,EFLBA,CJLBARROS,3286.0,81.0,0.024650030432136337
2026-10-01,EIVIA3,CJVIAMAO3,2520.0,232.0,0.09206349206349207
2026-10-01,EJCPIR,CJPIRAPORA 2,12551.0,3002.0,0.2391841287546809
2026-10-01,EJCST3,CJ CASTILHO,3888.5,956.5,0.24598174103124598
2026-10-01,EJPR4,CJF PARACATU 4 500KV,0.0,0.0,
2026-10-01,EJSDA1,CJE SERRA DAS ALMAS II 500 kV,22979.5,1863.0,0.08107226005787767
2026-10-01,EJUFD,CJDRACENA,1949.5,515.0,0.2641703000769428
2026-10-01,EJVZP,CJF Varzea da Palma 7,3993.5,975.0,0.24414673844998122
2026-10-01,EJVZPQ,CJ Helio Valgas,20271.0,5000.0,0.24665778698633517
2026-10-01,EQ2ESSA,CJE SERRA DE SANTANA,17175.0,1592.5,0.09272197962154294
2026-10-01,EQ5ESMB,CJ SERRA DO MEL B,42091.0,2612.0,0.06205602147727543
2026-10-01,EQBRD,CJF BARREIRAS II 500KV,16933.0,4564.5,0.26956239296049134
2026-10-01,EQRG3,CJF Ribeiro Gonçalves,9665.5,2415.5,0.2499094718328074
2026-10-01,EQSDMB,CJ SERRA DO MEL B ANT,0.0,0.0,
2026-10-01,EQSM2B,CJ SERRA DO MEL II B,0.0,0.0,
2026-10-01,EQSNT3,CJSSANTANA3,0.0,0.0,
2026-10-01,EQSRO,CJSROSALIA,13001.5,1167.0,0.08975887397607968
2026-10-01,EQST12,CJSSANTANA12,0.0,0.0,
2026-10-01,EQVCLE,CJSCLEMENTE,16587.0,1453.0,0.08759872189063725
2026-10-01,ESCNG,CJE LIVRAMENTO 3,15227.5,994.5,0.0653094729929404
2026-10-01,ESECC1,C.CHATO1,0.0,0.0,
2026-10-01,ESECC2,C.CHATO2,0.0,0.0,
2026-10-01,ESECC3,C.CHATO3,0.0,0.0,
2026-10-01,ESECC4,CJE CERRO CHATO,7724.5,487.0,0.06304615185448896
2026-10-01,F2JOFE,Jofege Mineracao,0.0,0.0,
2026-10-01,F2PERA,Perola Br 060,0.0,0.0,
2026-10-01,F2PERL,Perola Av Comercial,0.0,0.0,
2026-10-01,F2PERO,Perola Av Brasil,0.0,0.0,
2026-10-01,F2PERR,Perola Rua Luziania,0.0,0.0,
2026-10-01,F3DVMS,Dvm Solar I,0.0,0.0,
2026-10-01,F3TPZO,TOPAZIO I,0.0,0.0,
2026-10-01,F4CALC,CALCÁRIO TANGARÁ,0.0,0.0,
2026-10-01,F4CCCP,UFV CALCARIO COPACEL,0.0,0.0,
2026-10-01,F4CCMT,UFV CALCARIO MATO GROSSO,0.0,0.0,
2026-10-01,F4CERA,CERAMICA JUSCIMEIRA,0.0,0.0,
2026-10-01,F4COPA,Copacel,0.0,0.0,
2026-10-01,F4DUAL,Dual Cnp,0.0,0.0,
2026-10-01,F4DUAP,Dual Pp,0.0,0.0,
2026-10-01,F4FACU,FACULDADE CATHEDRAL,0.0,0.0,
2026-10-01,F4FAZN,FAZENDA SOLAR,0.0,0.0,
2026-10-01,F4FERM,FERMAP ARMAZÉNS GERAIS,0.0,0.0,
2026-10-01,F4TEMP,TEMPERMAT,0.0,0.0,
2026-10-01,F6BRIT,BURITIS,97.0,0.0,0.0
2026-10-01,F6KAPA,Kapa Zero,0.0,0.0,
2026-10-01,F6MADI,MACHADINHO,159.5,0.0,0.0
2026-10-01,F6USFB,USF-BERNARDO ALIMENTOS,35.0,0.0,0.0
2026-10-01,F7SOLM,SOL MAIOR,179.5,0.0,0.0
2026-10-01,FBCHN,CJ CHAFARIZ NORTE,8725.0,791.5,0.09071633237822349
2026-10-01,FBCHS,CJ CHAFARIZ SUL I,8211.0,720.0,0.08768724881256851
2026-10-01,FBCHSD,CHAFARIZ SUL II,8800.0,811.5,0.09221590909090908
2026-10-01,FBLZA,CJ Luzia,4213.0,1112.0,0.26394493235224303
2026-10-01,FBOIT,CJ Oitis,33926.5,3181.5,0.09377625160272943
2026-10-01,GEDREN,CJOLHOdAGUA,3942.5,530.0,0.13443246670894102
2026-10-01,GEECVA,CTV_ACARAU_I,481.0,69.0,0.14345114345114346
2026-10-01,GEEPR1,RENASCENCA1,0.0,0.0,
2026-10-01,GEEPR2,RENASCENCA2,0.0,0.0,
2026-10-01,GEEPR3,RENASCENCA3,0.0,0.0,
2026-10-01,GEEPR4,RENASCENCA4,0.0,0.0,
2026-10-01,GEEVSM,VSMIGUEL,0.0,0.0,
2026-10-01,GEUEBV,BOA VISTA,0.0,0.0,
2026-10-01,GEUEFA,FAROL,0.0,0.0,
2026-10-01,GEUEOD,OLHO DAGUA,0.0,0.0,
2026-10-01,GEUESB,S BENTO N,0.0,0.0,
2026-10-01,GEWND1,CJBWGUIRAPA1,7377.0,614.5,0.08329944421851701
2026-10-01,GEWND2,CJBWGUIRAPA2,6513.0,526.0,0.08076155381544603
2026-10-01,GLCHP2,CJCHAPADA2,14561.5,1243.0,0.08536208495003948
2026-10-01,GLCHP3,CJCHAPADA3,14776.5,1164.5,0.0788075660677427
2026-10-01,GLEAB4,A.BRANCA 4,0.0,0.0,
2026-10-01,GLEAB5,A.BRANCA 5,0.0,0.0,
2026-10-01,GLEAB6,A.BRANCA 6,0.0,0.0,
2026-10-01,GLEAB7,A.BRANCA 7,0.0,0.0,
2026-10-01,GLEAB8,A.BRANCA 8,0.0,0.0,
2026-10-01,GLJCAB,CJE ASA BRANCA,6671.5,877.0,0.13145469534587423
2026-10-01,GSCPD,CJCABPRETO2,8307.0,1031.5,0.12417238473576502
2026-10-01,GTCUFG,CJGUAIMBE,4065.5,1080.5,0.265772967654655
2026-10-01,GTUFBH,CJBOAHORA,5145.5,1436.0,0.2790788067243222
2026-10-01,I1ACOM,UFV ACOMAIS,0.0,0.0,
2026-10-01,I1BOND,Bonde Mais I,0.0,0.0,
2026-10-01,I1CARA,UFV CARAPITANGA,0.0,0.0,
2026-10-01,I1CITE,CITEPE,0.0,0.0,
2026-10-01,I1COMP,UFV COMPESA SEDE,0.0,0.0,
2026-10-01,I1FAZE,Fazenda Esmeralda,986.0,0.0,0.0
2026-10-01,I1FEDE,Federal,0.0,0.0,
2026-10-01,I1FERR,Ferreira Costa Caruaru,3.0,0.0,0.0
2026-10-01,I1GRVT,Gravatá Fruitrade,206.5,0.0,0.0
2026-10-01,I1IBM1,IBIMIRIM 1,235.0,0.0,0.0
2026-10-01,I1IBM2,IBIMIRIM 2,232.0,0.0,0.0
2026-10-01,I1IBM3,IBIMIRIM 3,109.5,0.0,0.0
2026-10-01,I1IBM4,IBIMIRIM 4,234.0,0.0,0.0
2026-10-01,I1IBM5,IBIMIRIM 5,234.0,0.0,0.0
2026-10-01,I1IBM6,IBIMIRIM 6,234.5,0.0,0.0
2026-10-01,I1IBM7,IBIMIRIM 7,235.5,0.0,0.0
2026-10-01,I1IBM8,IBIMIRIM 8,236.5,0.0,0.0
2026-10-01,I1IBM9,IBIMIRIM 9,148.0,0.0,0.0
2026-10-01,I1IPLA,Iplac Industria,0.0,0.0,
2026-10-01,I1MAND,Mandacaru,174.0,0.0,0.0
2026-10-01,I1MARA,Maravilhas I,935.0,0.0,0.0
2026-10-01,I1MARV,Maravilhas II,959.5,0.0,0.0
2026-10-01,I1MODA,Moda Center,0.0,0.0,
2026-10-01,I1OURB,Ouro Branco 2,2046.5,0.0,0.0
2026-10-01,I1OURO,Ouro Branco 1,2039.5,0.0,0.0
2026-10-01,I1PINC,Pincéis Roma Pe,0.0,0.0,
2026-10-01,I1PIRA,Pirauá,225.5,0.0,0.0
2026-10-01,I1QUAT,Quatro Ventos,1474.0,0.0,0.0
2026-10-01,I1SHOP,Shopping Cidade,0.0,0.0,
2026-10-01,I1SNTM,Santa Maria,153.0,0.0,0.0
2026-10-01,I1SOLA,Solar Salgueiro,1415.0,0.0,0.0
2026-10-01,I1SOLR,Solar Salgueiro II,1449.0,0.0,0.0
2026-10-01,I1VENO,Venosan,0.0,0.0,
2026-10-01,I1XAVA,Xavante,151.0,0.0,0.0
2026-10-01,I2AERO,Aeroporto De Salvador,0.0,0.0,
2026-10-01,I2BARR,Barra dos Coqueiros,1158.0,0.0,0.0
2026-10-01,I2FERR,Ferreira Costa Aracaju,0.0,0.0,
2026-10-01,I2PPCH,PLASCHIO PLASTICOS CHIACCHIO,0.0,0.0,
2026-10-01,I2PRSE,PRIME SEAFOOD,0.0,0.0,
2026-10-01,I3ASSU,Assuruá,996.0,0.0,0.0
2026-10-01,I3EVB2,Ventos da Bahia II,2270.5,0.0,0.0
2026-10-01,I3EVB4,Ventos da Bahia IV,990.5,0.0,0.0
2026-10-01,I3EVB8,Ventos da Bahia VIII,2296.5,0.0,0.0
2026-10-01,I3PDR3,Pedra do Reino III,1281.0,0.0,0.0
2026-10-01,I3PEDD,Pedra do Reino IV,1779.5,0.0,0.0
2026-10-01,I3PEDO,Pedra do Reino,1944.0,0.0,0.0
2026-10-01,I3PEDR,Pedra do Reino V,1522.0,0.0,0.0
2026-10-01,I3SOBO,Sobrado 1,1530.0,0.0,0.0
2026-10-01,I3VERD,Verde Vale III,623.0,0.0,0.0
2026-10-01,I4ALBA,Albatroz,179.0,0.0,0.0
2026-10-01,I4ARAT,Aratuá I,931.5,0.0,0.0
2026-10-01,I4ARIZ,Arizona 1,1396.0,0.0,0.0
2026-10-01,I4ATLA,Atlântica,188.5,0.0,0.0
2026-10-01,I4CAMU,Camurim,204.0,0.0,0.0
2026-10-01,I4CANO,Canoas,2298.5,0.0,0.0
2026-10-01,I4CARA,Caravela,181.0,0.0,0.0
2026-10-01,I4COEH,Coelhos II,193.0,0.0,0.0
2026-10-01,I4COEL,Coelhos III,148.0,0.0,0.0
2026-10-01,I4COEO,Coelhos IV,174.0,0.0,0.0
2026-10-01,I4COES,Coelhos I,186.5,0.0,0.0
2026-10-01,I4EDRC,Edr Construções,57.0,0.0,0.0
2026-10-01,I4FER2,Ferreira Costa João Pessoa,54.5,0.0,0.0
2026-10-01,I4FERR,Ferreira Costa Natal,0.0,0.0,
2026-10-01,I4FILI,Filial Polpa De Frutas,0.0,0.0,
2026-10-01,I4INDU,Industrias Becker I,0.0,0.0,
2026-10-01,I4LAGO,Lagoa 2,2103.0,0.0,0.0
2026-10-01,I4MATA,Mataraca,150.5,0.0,0.0
2026-10-01,I4MIAS,Miassaba II,1008.0,0.0,0.0
2026-10-01,I4MILL,Millennium,486.5,0.0,0.0
2026-10-01,I4PARQ,Parque Eólico Cabeço Preto IV,1631.0,0.0,0.0
2026-10-01,I4PARU,Parque Eólico Cabeço Preto,1610.0,0.0,0.0
2026-10-01,I4POLA,Polpa Ideal Ii,0.0,0.0,
2026-10-01,I4POLP,Polpa Ideal I,0.0,0.0,
2026-10-01,I4PRES,Presidente,144.0,0.0,0.0
2026-10-01,I4SOLA,Solar Alto do Rodrigues,0.0,0.0,
2026-10-01,I4STEB,Sterbom Matriz,0.0,0.0,
2026-10-01,I4STER,Ster Bom Filial Casquinho,0.0,0.0,
2026-10-01,I4SUPE,Sup. Nord. Superfacil Rodov.,0.0,0.0,
2026-10-01,I4UERF,RN 15 - Rio do Fogo,2107.0,0.0,0.0
2026-10-01,I4VITO,Vitória,157.0,0.0,0.0
2026-10-01,I5ANGI,Angico I,1139.5,0.0,0.0
2026-10-01,I5BBR,Parque Eólico de Beberibe,1807.0,0.0,0.0
2026-10-01,I5DELT,Delta do Parnaíba,0.0,0.0,
2026-10-01,I5DUNA,Dunas de Paracuru,3015.5,0.0,0.0
2026-10-01,I5EOLI,Eólica Canoa Quebrada,809.0,0.0,0.0
2026-10-01,I5FRC,Foz do Rio Choró,1643.0,0.0,0.0
2026-10-01,I5ICAR,Icaraí,1496.5,0.0,0.0
2026-10-01,I5LAGA,Lagoa 1,2329.5,0.0,0.0
2026-10-01,I5LGMO,Lagoa do Mato,229.0,0.0,0.0
2026-10-01,I5MALT,Malta,1145.0,0.0,0.0
2026-10-01,I5MEL0,Mel 02,1362.0,0.0,0.0
2026-10-01,I5MUCU,Mucuripe,0.0,0.0,
2026-10-01,I5PRU,Eólica Paracuru,1910.5,0.0,0.0
2026-10-01,I5QUIX,Quixaba,1589.0,0.0,0.0
2026-10-01,I5RIOD,Rio do Peixe I,1273.5,0.0,0.0
2026-10-01,I5RIOO,Rio do Peixe II,1251.0,0.0,0.0
2026-10-01,I5SHOP,Shopping Serra Talhada,0.0,0.0,
2026-10-01,I5TAIA,Taíba,0.0,0.0,
2026-10-01,I5TAIB,Taíba Albatroz,1014.0,0.0,0.0
2026-10-01,I5TAUA,Tauá,0.0,0.0,
2026-10-01,I5UPRJ,Eólica Praias de Parajuru,2025.0,0.0,0.0
2026-10-01,I7DELT,Delta do Parnaíba,3056.5,0.0,0.0
2026-10-01,I7LUIG,Luiz Gonzaga II,1405.0,0.0,0.0
2026-10-01,I7LUIN,Luiz Gonzaga III,1404.0,0.0,0.0
2026-10-01,I7LUIO,Luiz Gonzaga I,1407.5,0.0,0.0
2026-10-01,I7PORD,Porto do Delta,3864.5,0.0,0.0
2026-10-01,I7PORO,Porto Salgado,1535.0,0.0,0.0
2026-10-01,I7PORT,Porto das Barcas,1901.5,0.0,0.0
2026-10-01,I7PSAL,Pedra do Sal,1427.5,0.0,0.0
2026-10-01,I7SERT,Sertão 1,1454.5,0.0,0.0
2026-10-01,I7SOBA,Sobral 1,1375.5,0.0,0.0
2026-10-01,I7TESA,Testa Branca III,2648.0,0.0,0.0
2026-10-01,I7TEST,Testa Branca I,2453.0,0.0,0.0
2026-10-01,IACEIG,ILHA GRANDE,0.0,0.0,
2026-10-01,IACETB,TAIBA AGUIA,0.0,0.0,
2026-10-01,IAERA1,RIACHAO1,0.0,0.0,
2026-10-01,IAERA2,RIACHAO2,0.0,0.0,
2026-10-01,IAERA4,RIACHAO4,0.0,0.0,
2026-10-01,IAERA6,RIACHAO6,0.0,0.0,
2026-10-01,IAERA7,RIACHAO7,0.0,0.0,
2026-10-01,IAFSBA,CJ SOL SAO BASILIO,8153.5,1913.5,0.23468449132274483
2026-10-01,IAICR,CJICARAI,10872.5,1382.0,0.1271096803862957
2026-10-01,IARIA,CJRIACHAO,5860.5,854.5,0.14580667178568382
2026-10-01,IASABA,CJESBASILIO,0.0,0.0,
2026-10-01,IASBAE,CJ EOL SAO BASILIO,11853.0,981.5,0.08280604066481059
2026-10-01,IATBA,CJTAIBA,4781.5,590.0,0.1233922409285789
2026-10-01,IAUEAD,TAIBA ANDORINHA,0.0,0.0,
2026-10-01,IAUEBC,BOCA CORREGO,0.0,0.0,
2026-10-01,IAUECL,COLONIA,0.0,0.0,
2026-10-01,IAUEID,ICARAI 2,0.0,0.0,
2026-10-01,IAUEIU,ICARAI,0.0,0.0,
2026-10-01,IAUERB,RIBEIRAO,0.0,0.0,
2026-10-01,IDC245,CJCALANGO2,6274.5,496.5,0.07912981114032991
2026-10-01,IDCA3,CJCALANGO3,5310.0,375.5,0.07071563088512241
2026-10-01,IDCAL1,CJCALANGO1,3525.5,218.0,0.0618352006807545
2026-10-01,IDCJCT,CJCAETITE123,6114.0,634.5,0.10377821393523062
2026-10-01,IGCAJ1,CONJUNTO EOLICO CAJU,29468.5,3433.0,0.11649727675314318
2026-10-01,IGCTE,CJCAETITE,5927.0,555.5,0.09372363759068669
2026-10-01,IGPND,CJPELOURINHO,4176.0,387.0,0.09267241379310345
2026-10-01,IGTUC,CJ TUCANO,23945.0,1186.0,0.049530173313844225
2026-10-01,IGUEDP,CJ ARACAS,11889.5,1228.5,0.10332646452752428
2026-10-01,IGUEMI,MIASSABA3,3055.5,358.5,0.1173294059891998
2026-10-01,IGUEMR,CJ MORRAO,8228.0,636.5,0.0773578026251823
2026-10-01,IY3FIRE,CJF IRECE 138KV,5092.0,1173.0,0.23036135113904163
2026-10-01,IY4FJZD,CJF Juazeiro II 230kV,9734.5,2104.0,0.21613847655246804
2026-10-01,IYASRA,CJE GENTIO DO OURO I,26930.0,2233.5,0.08293724470850353
2026-10-01,IYBRI,CJF BRIGIDA,7431.5,1846.0,0.24840207225997443
2026-10-01,IYBST,CJF BOA SORTE,0.0,0.0,
2026-10-01,IYCBS,CJE CACIMBAS,7186.0,776.5,0.10805733370442527
2026-10-01,IYJZS,CJF JUAZEIRO SOLAR,0.0,0.0,
2026-10-01,IYJZS2,CJF JUAZEIRO SOLAR 2,0.0,0.0,
2026-10-01,IYLRA,CJE LARANJEIRAS,43222.0,3796.0,0.08782564434778585
2026-10-01,IYMTD,CJF Mauriti,10235.5,2259.0,0.22070245713448292
2026-10-01,IYPR4P,CJF Paracatu 4 Piloto,27754.0,6576.5,0.23695683505080348
2026-10-01,IYSDC,CJF SOL DO CERRADO,21116.0,4222.5,0.1999668497821557
2026-10-01,IYSDF,CJF SOL DO FUTURO,2976.0,746.5,0.2508400537634409
2026-10-01,IYSPD,CJF SAO PEDRO,2263.5,620.5,0.2741329798983875
2026-10-01,IYSVPA,CJE STA VITORIA DO PALMAR,0.0,0.0,
2026-10-01,IYUEXG,XANGRILA,1301.0,142.5,0.10953112990007687
2026-10-01,IYUFLS,CJF LAR DO SOL,18961.0,4599.5,0.2425768683086335
2026-10-01,IYVST1,CJF VISTA ALEGRE - JANAUBA,31902.0,7359.5,0.23069086577644035
2026-10-01,MLEMAU,MALHADINHA1,1705.5,138.5,0.0812078569334506
2026-10-01,MMCTN,CJE CAETITE NORTE,14041.5,935.5,0.06662393618915358
2026-10-01,MMMSC,CJE MANGUE SECO,5393.5,491.0,0.09103550570130713
2026-10-01,MMRAL,CJFVRIOALTO,8549.5,3563.0,0.4167495175156442
2026-10-01,MPUEPM,P.MORGADO,0.0,0.0,
2026-10-01,MSABR,CJE AREIA BRANCA,3375.0,255.0,0.07555555555555556
2026-10-01,MSCHP1,CJCHAPADA1,12303.0,1032.5,0.08392262049906526
2026-10-01,MSEBR,CJCAETES2,13807.5,970.5,0.07028788701792504
2026-10-01,MSFLO,CJFVFLORESTA,3584.5,892.0,0.2488492118845027
2026-10-01,MSFSA,CJFAISA,14856.0,2042.0,0.13745288099084546
2026-10-01,MSUEAB,AREIA BRANCA,0.0,0.0,
2026-10-01,MSUEAP,S.A.PADUA,0.0,0.0,
2026-10-01,MSUEEM,EMBUACA,0.0,0.0,
2026-10-01,MSUEFC,FAISA V,0.0,0.0,
2026-10-01,MSUEFD,FAISA II,0.0,0.0,
2026-10-01,MSUEFQ,FAISA IV,0.0,0.0,
2026-10-01,MSUEFT,FAISA III,0.0,0.0,
2026-10-01,MSUEFU,FAISA I,0.0,0.0,
2026-10-01,MSUEMT,MAR TERRA,0.0,0.0,
2026-10-01,MSUESC,SAO CRISTOVAO,0.0,0.0,
2026-10-01,MSUESJ,SAP JORGE,0.0,0.0,
2026-10-01,MTQ69,CJQUINTA69,2156.5,229.5,0.10642244377463482
2026-10-01,MVCEM1,M VENTOS 1,0.0,0.0,
2026-10-01,MVCEM3,M VENTOS 3,0.0,0.0,
2026-10-01,MVCEM4,M VENTOS 4,0.0,0.0,
2026-10-01,MVCEM6,M VENTOS 6,0.0,0.0,
2026-10-01,MVCEM9,M VENTOS 9,0.0,0.0,
2026-10-01,MXFFUT,CJ FUTURA,30489.0,7106.5,0.2330840631047263
2026-10-01,NBUERF,RIO DO FOGO,0.0,0.0,
2026-10-01,NL4ETAT,CJE Tacaratu 230kV,13623.5,1131.0,0.08301831394281939
2026-10-01,NL5FGID,CJF GILBUES II 500KV,32566.0,7803.0,0.23960572376097772
2026-10-01,NLCCRI,CJE CRISTAL,7798.5,649.5,0.08328524716291595
2026-10-01,NLCMR,CJ CUMARU,10564.5,1332.5,0.12612996355719627
2026-10-01,NLCVNT,CJCURVAVENTO,4201.0,373.0,0.08878838371816235
2026-10-01,NLDFN,CJDELFINA,14975.0,1398.0,0.09335559265442404
2026-10-01,NLEMS2,CJ MORRO DO CHAPEU SUL II,33412.5,2481.0,0.07425364758698091
2026-10-01,NLETAT,CJ EOL TACARATU,0.0,0.0,
2026-10-01,NLFNVT,CJTACARATU,0.0,0.0,
2026-10-01,NLFTAT,CJ SOL TACARATU,119.0,29.0,0.24369747899159663
2026-10-01,NLFVD,CJ FONTE DOS VENTOS II,0.0,0.0,
2026-10-01,NLHZT,CJHORIZONTE,3656.5,884.5,0.24189798988103378
2026-10-01,NLLDV,CJ Lagoa dos Ventos,54435.5,5310.5,0.09755582294642283
2026-10-01,NLLDV1,CJ LAGOA DOS VENTOS 1,0.0,0.0,
2026-10-01,NLLDV2,CJ LAGOA DOS VENTOS 2,0.0,0.0,
2026-10-01,NLLDV3,CJ LAGOA DOS VENTOS 3,0.0,0.0,
2026-10-01,NLMCS,CJ MORRO DO CHAPEU SUL,16345.0,1340.5,0.08201284796573875
2026-10-01,NLMODL,CJMODELO,2611.0,327.0,0.12523937188816545
2026-10-01,NLOUR,CJ OUROLANDIA II,51231.0,4159.5,0.08119107571587515
2026-10-01,NLSEAZ,CJSERRAAZUL,6932.0,450.5,0.06498845931909983
2026-10-01,NLSGO,CJSAOGONCALO,0.0,0.0,
2026-10-01,NLSGOA,CJ SAO GONCALO A,0.0,0.0,
2026-10-01,NLTBV,CJFVITUVERAVA,9041.5,2224.5,0.24603218492506773
2026-10-01,NLUECR,CRISTAL,0.0,0.0,
2026-10-01,NLUEJO,JOANA,0.0,0.0,
2026-10-01,NLUEMD,MODELO II,0.0,0.0,
2026-10-01,NLUEMI,EMILIANA,0.0,0.0,
2026-10-01,NLUEMP,MODELO I,0.0,0.0,
2026-10-01,NLUEPF,PAU FERRO,0.0,0.0,
2026-10-01,NLUEPG,P GERONIMO,0.0,0.0,
2026-10-01,NLUEPR,PRIMAVERA,0.0,0.0,
2026-10-01,NLUESJ,S JUDAS,0.0,0.0,
2026-10-01,NLUETA,TACAICO,0.0,0.0,
2026-10-01,NLVSR,CJ VENTOS DE SAO ROQUE,56851.0,5596.5,0.09844154016639989
2026-10-01,NTMEND,CJF ACU III,20770.5,5686.0,0.2737536409811993
2026-10-01,NTUFUR,CJF Urucuia 2,3157.5,551.0,0.17450514647664292
2026-10-01,OBQ138,CJQUINTA138,3507.5,352.5,0.10049893086243764
2026-10-01,P1SPP,CJF Bom Nome,3572.0,896.5,0.250979843225084
2026-10-01,PFCAL,CJ CALCARIO,5376.0,1290.0,0.23995535714285715
2026-10-01,PPUEPP,P.PARAJURU,0.0,0.0,
2026-10-01,PUUEPU,PARACURU,0.0,0.0,
2026-10-01,RCUERC,F.R.CHORO,0.0,0.0,
2026-10-01,RFMNR,CJ MONTE DO RONCA,14553.5,1968.0,0.13522520355928128
2026-10-01,RGCABC,CJCAETITE A,4211.0,453.0,0.10757539776775113
2026-10-01,RGITRU,CJITAREMA V,18994.5,2152.5,0.11332227750138198
2026-10-01,S1FMRG,CJF Marangatu,15946.0,4095.0,0.25680421422300265
2026-10-01,S1PTN,CJF Banabuiu,10204.5,2596.5,0.25444656769072466
2026-10-01,S34FICO,CJF Ico 230 kV,7056.0,1719.0,0.24362244897959184
2026-10-01,S3AFB,CJ AFONSO BEZERRA,10463.5,886.5,0.08472308500979596
2026-10-01,S3FSEM,CJ UFV SERRA DO MATO,4610.0,1134.0,0.24598698481561823
2026-10-01,S3SEM,CJ SERRA DO MATO,10049.0,1447.5,0.14404418350084586
2026-10-01,S3SERA,CJ SERROTE A,14097.0,1886.5,0.1338227991771299
2026-10-01,SCPCEO,PC EOLICAS,0.0,0.0,
2026-10-01,SCPCSL,PC SOLAR,0.0,0.0,
2026-10-01,SGDLT,CJDELTA3,52320.5,5212.5,0.09962634149138483
2026-10-01,SSARI,CJ ARIZONA,19252.0,2122.0,0.11022231456472055
2026-10-01,SSSESE,CJPBRANCA,14452.0,1395.0,0.09652643232770551
2026-10-01,SSUE7G,Sete Gameleira,0.0,0.0,
2026-10-01,SSUEPB,Pedra Branca,0.0,0.0,
2026-10-01,SSUESP,S Pedro Lago,0.0,0.0,
2026-10-01,SWCVDB,CJVDABAHIA,0.0,0.0,
2026-10-01,T1SODA,CJF TACAIMBO,5540.5,1300.5,0.23472610775200795
2026-10-01,UVSMG,CJSMIGUEL,3318.0,377.0,0.11362266425557564
2026-10-01,UVUE12,UVENTOS 12,0.0,0.0,
2026-10-01,UVUE13,UVENTOS 13,0.0,0.0,
2026-10-01,UVUE14,UVENTOS 14,0.0,0.0,
2026-10-01,UVUEV1,UVENTOS 1,0.0,0.0,
2026-10-01,UVUEV2,UVENTOS 2,0.0,0.0,
2026-10-01,UVUEV3,UVENTOS 3,0.0,0.0,
2026-10-01,UVUEV4,UVENTOS 4,0.0,0.0,
2026-10-01,UVUEV5,UVENTOS 5,0.0,0.0,
2026-10-01,UVUEV6,UVENTOS 6,0.0,0.0,
2026-10-01,UVUEV7,UVENTOS 7,0.0,0.0,
2026-10-01,UVUEV8,UVENTOS 8,0.0,0.0,
2026-10-01,UVUEV9,UVENTOS 9,0.0,0.0,
2026-10-01,UVUEVX,UVENTOS 10,0.0,0.0,
2026-10-01,UVUVNT,CJUVENTOS,12237.5,1676.0,0.13695607763023493
2026-10-01,VIANE,CJ ANEMUS,10562.5,851.5,0.08061538461538462
2026-10-01,VIARP,CJE CURRAL NOVO PIAUI II 500KV,35898.0,3527.5,0.09826452727171431
2026-10-01,VICSDS,CJ SERRA DO SERIDO,33052.0,3452.0,0.10444148614304732
2026-10-01,VIECAD,CARCARA 2,0.0,0.0,
2026-10-01,VIECAU,CARCARA 1,0.0,0.0,
2026-10-01,VIETER,TERRAL,0.0,0.0,
2026-10-01,VIFLA,CJ FOLHA LARGA,30559.5,2724.0,0.08913758405733078
2026-10-01,VINHZ,CJE Novo Horizonte,36767.5,3420.0,0.09301693071326579
2026-10-01,VIPARN,CJPARANATAMA,17925.5,1466.5,0.0818108281498424
2026-10-01,VISDB,CJ SERRA DA BABILONIA,29178.5,2075.5,0.07113114107990473
2026-10-01,VISLDF5,CJ UFV Santa Luzia,7069.5,1765.0,0.24966404979135723
2026-10-01,VISPC,CJF SIMPLICE,4994.0,1285.5,0.25740889066880257
2026-10-01,VISSD,CJ SOL DO SERTAO,20310.0,5354.0,0.2636139832594781
2026-10-01,VISSDB,CJF SERRA BABILONIA,5776.0,1390.5,0.24073753462603878
2026-10-01,VISVT,CJ VT São Vitor,35066.0,3360.5,0.09583357098043689
2026-10-01,VITSN,CJ TERRA SANTA,4245.0,619.5,0.1459363957597173
2026-10-01,VIVB2,CJVDABAHIA2,0.0,0.0,
2026-10-01,VIVB3,CJ VENTOS DA BAHIA III,0.0,0.0,
2026-10-01,VIVBA,CJE VENTOS DA BAHIA,23568.0,1706.5,0.07240750169721656
2026-10-01,VL4EMSD,CJE Mossoró II 230kV,30366.0,2667.5,0.08784495817690838
2026-10-01,VL5ESMA,CJ Serra do Mel A,47295.0,2853.0,0.06032350142721218
2026-10-01,VLAB2,CJ ABAIARA 230 KV,8041.0,2025.5,0.2518965302823032
2026-10-01,VLAMZ,CJAMAZONAS,0.0,0.0,
2026-10-01,VLAPA,CJF Jaguaruana II,8878.0,2168.5,0.24425546294210407
2026-10-01,VLARN,CJF Arinos 2,51599.0,11809.0,0.2288610244384581
2026-10-01,VLCAN,CJ CANUDOS I,8753.5,629.0,0.07185697149711544
2026-10-01,VLCARC,CJCARCARA2,0.0,0.0,
2026-10-01,VLCFVB,CJF Barro Alto 230kV,14323.0,3504.0,0.24464148572226488
2026-10-01,VLCNB,CJCARNAUBAS,6147.5,765.5,0.12452216348108987
2026-10-01,VLDRC,CJF DRACO,22506.5,5108.5,0.22697887277008863
2026-10-01,VLFIG,CJ FILGUEIRA,0.0,0.0,
2026-10-01,VLKW2W,CJE KAIROS,8311.0,622.0,0.07484057273492961
2026-10-01,VLMNV,CJ MUNDO NOVO,7299.5,949.0,0.13000890471950133
2026-10-01,VLSDMA,CJ SR DO MEL A  ANT,0.0,0.0,
2026-10-01,VLSDMC,CJ SERRA DO MEL C,22070.0,5178.5,0.23463978251019482
2026-10-01,VLSM2A,CJ SERRA DO MEL II A,0.0,0.0,
2026-10-01,VRUEVR,VOLTA RIO,0.0,0.0,
2026-10-01,VS5FRGV,CJF R. Gonçalves 500kV,11591.0,2819.0,0.24320593563972048
2026-10-01,VSBJL,CJFOTOBJL,1704.5,478.5,0.2807274860662951
2026-10-01,VSCIR,CJ UFV Ciranda,11871.5,3042.5,0.25628606326075054
2026-10-01,VSJAN,CJ JANDAIA,8850.0,950.0,0.10734463276836158
2026-10-01,VSLAV,CJ Lavras,8334.5,2074.0,0.24884516167736517
2026-10-01,VUARX,CJ ARAXA,3012.0,738.5,0.2451859229747676
2026-10-01,VUJAI3,CJF Jaiba 138 kV,4021.0,914.5,0.22743098731658792
2026-10-01,VUPED,CJ PEDRANOPOLIS,2815.5,798.0,0.28343100692594564
